Workbook

Sheet PETUNJUK
A1: SPREADSHEET MASTER - KONSOLIDASI KARYAWAN (PC 01..PC 12)
A2: Versi template. 1 baris = 1 video/lagu. Kunci utama = PC + Worker ID.
A4: == 1. STRUKTUR FILE ==
A5: MASTER : tab utama berisi gabungan semua PC; isian karyawan dilakukan di file masing-masing, master menyaring & merangkum.
A6: Kumpulan Video : daftar baris yang punya Link Video YT; 9 kolom; hanya link video unik (kemunculan pertama).
A7: RAW_PC01..RAW_PC12: salinan data mentah tiap sumber (header asli dipertahankan, termasuk spasi ekor).
A8: RINGKASAN : jumlah baris, kekurangan isi, duplikat, dan rata-rata masa produksi per PC.
A9: KAMUS_KOLOM : pemetaan kolom sumber -> kolom master + tipe data + format + aturan isi.
A10: TEMUAN_STRUKTUR : daftar masalah struktur/kolom yang ditemukan dan bagaimana ditangani di master.
A11: VALIDASI_TEMPLATE : kerangka validasi per PC (dicek Apps Script dan dijadikan tab VALIDASI di file karyawan).
A12: TEMPLET_PC : template kolom baku untuk file PC (bila ingin disalin ke file karyawan).
A13: DAFTAR_SUMBER : daftar 12 spreadsheet sumber dengan URL dan status.
A15: == 2. KOLOM MASTER DAN CARA ISI ==
A16: PC : dropdown PC 01..PC 12, wajib. Bagian dari kunci utama.
A17: Nama Karyawan : teks, opsional. Boleh diisi kemudian; bermakna bila 1 karyawan menangani lebih dari 1 PC.
A18: Worker ID : teks, wajib, unik di dalam PC. Format disarankan 'PC07-0001'.
A19: Update Date : tanggal-jam, format YYYY-MM-DD HH:MM. Waktu entri terakhir diubah.
A20: Song ID YT : ID video YouTube (bukan URL). Wajib.
A21: Judul Lagu Kompilasi : teks judul, tanpa pindah baris. Wajib.
A22: Aggregator : pilih dari daftar baku: TuneCore, DistroKid, TooLost, SoundOn, Ditto, Believe, CD Baby, Amuse, Symphonic Distribution, ONErpm, RouteNote, LANDR, Horus Music, Indie.
A23: Genre : pilih 1 atau 2 genre dari daftar baku, pisahkan dengan koma. Contoh: Pop, Jazz. Wajib.
A24: Nama Channel : nama channel YouTube persis. Satu PC boleh mengelola >1 channel.
A25: Link Channel YT : URL channel (bukan link video). Wajib. Boleh youtube.com atau youtu.be.
A26: Link Video YT : URL video YouTube (bukan link channel). Wajib. Boleh youtube.com atau youtu.be.
A27: Tanggal Video Dibuat : tanggal, format YYYY-MM-DD, wajib.
... A34: Duplikat? : formula otomatis, 'DUPLICAT' bila kombinasi (PC, Worker ID) dipakai lebih dari satu baris.
A36: == 3. VALIDASI OTOMATIS ==
A37: Baris sample kuning di MASTER hanyalah contoh; hapus/replace begitu data asli masuk.
A38: Kolom Validasi Master memeriksa: kolom wajib kosong (termasuk Update Date, Song ID, Tgl Dibuat, Status), link bukan youtube, tanggal tidak bertipe tanggal, publish < dibuat, aggregator/genre/status di luar daftar, dan genre lebih dari 2.
A39: Link channel dan link video sama-sama menerima youtube.com maupun youtu.be.
A40: File PC juga bisa memakai tab VALIDASI (lihat apps_script/karyawan_validasi.gs).
A42: == 4. CARA MEMPERBARUI MASTER SAAT DATA SUDAH DIISI ==
A43: python scripts/fetch_sheets.py -> unduh ulang 12 file ke data/raw/
A44: python scripts/inventory.py -> refresh struktur
A45: python scripts/build_master.py -> bangun master + tab Kumpulan Video
A46: python scripts/merge_data.py -> gabungkan isi baris data ke MASTER, RAW_PC*, dan Kumpulan Video
A47: Versi live memakai IMPORTRANGE untuk RINGKASAN; Kumpulan Video memakai LET+QUERY dari MASTER dan membuang link duplikat.
A49: == 5. APLIKASI KARYAWAN (APPS SCRIPT) ==
A50: File apps_script/karyawan_validasi.gs dipasang sekali di script.google.com.
A51: Ia melakukan: 1) catatan cara isi pada tiap header file PC; 2) tab VALIDASI per file; 3) komentar otomatis saat data tidak sesuai (onEdit).

Sheet DAFTAR_SUMBER
A1: PC | B1: Spreadsheet ID | C1: URL | D1: Baris Data | E1: Kolom
A2: PC 01 | B2: 1zyh70PK5RKhZU1ncTr5yDBIitVcT-d6aS71qqRR2hd0 | C2: https://docs.google.com/spreadsheets/d/1zyh70PK5RKhZU1ncTr5yDBIitVcT-d6aS71qqRR2hd0/edit | D2: 20 | E2: 13
A3: PC 02 | B3: 11rrPrMVpvnXkzCf3Eyr18SJ3vIGbYtarFEk9AqKiOl8 | C3: https://docs.google.com/spreadsheets/d/11rrPrMVpvnXkzCf3Eyr18SJ3vIGbYtarFEk9AqKiOl8/edit | D3: 0 | E3: 13
A4: PC 03 | B4: 1tf-vi6Eo4c1UMvKI0ddYbYgYg_dIC33IHmI1Cwx9hvs | C4: https://docs.google.com/spreadsheets/d/1tf-vi6Eo4c1UMvKI0ddYbYgYg_dIC33IHmI1Cwx9hvs/edit | D4: 0 | E4: 13
A5: PC 04 | B5: 1UrefG8uOVvi3h1Vm8k4MzCN3vrlVVrmGGOo9cqTUQLM | C5: https://docs.google.com/spreadsheets/d/1UrefG8uOVvi3h1Vm8k4MzCN3vrlVVrmGGOo9cqTUQLM/edit | D5: 0 | E5: 13
A6: PC 05 | B6: 1WC4V1NNldEs7uS_Xld51393uiRI5p7eKxYgC5BlC5MY | C6: https://docs.google.com/spreadsheets/d/1WC4V1NNldEs7uS_Xld51393uiRI5p7eKxYgC5BlC5MY/edit | D6: 0 | E6: 13
A7: PC 06 | B7: 168OJEbH7e1qnqa81nyyUy0ZTJYft4Y50cYUyEqubs48 | C7: https://docs.google.com/spreadsheets/d/168OJEbH7e1qnqa81nyyUy0ZTJYft4Y50cYUyEqubs48/edit | D7: 0 | E7: 13
A8: PC 07 | B8: 1wwz_1KFb9PpJW47tzZqoOqb2LaYl6JRvko5-WiommwM | C8: https://docs.google.com/spreadsheets/d/1wwz_1KFb9PpJW47tzZqoOqb2LaYl6JRvko5-WiommwM/edit | D8: 0 | E8: 13
A9: PC 08 | B9: 1GlKsgFKe7JGm9lgOKt-4tH2DRZA0r_Xfxf89dpb1Sac | C9: https://docs.google.com/spreadsheets/d/1GlKsgFKe7JGm9lgOKt-4tH2DRZA0r_Xfxf89dpb1Sac/edit | D9: 0 | E9: 13
A10: PC 09 | B10: 1VwYa2VUseoVskqWsBmMoHp-Hqshnay2q11Bvwm2Tuzk | C10: https://docs.google.com/spreadsheets/d/1VwYa2VUseoVskqWsBmMoHp-Hqshnay2q11Bvwm2Tuzk/edit | D10: 24 | E10: 13
A11: PC 10 | B11: 1pUaz4vPmOKyplO5LHm7nRLLcjDRFRgYLNC0lsRuxT1U | C11: https://docs.google.com/spreadsheets/d/1pUaz4vPmOKyplO5LHm7nRLLcjDRFRgYLNC0lsRuxT1U/edit | D11: 0 | E11: 13
A12: PC 11 | B12: 1W3ajRQiHjL4rqDQYWfkyYqAOQE_O7D42FQ5CWb6avMs | C12: https://docs.google.com/spreadsheets/d/1W3ajRQiHjL4rqDQYWfkyYqAOQE_O7D42FQ5CWb6avMs/edit | D12: 0 | E12: 13
A13: PC 12 | B13: 13ZTrmU9eZ0ltVSNirEcBuqq017_b-TB85qZEqfPPF5Q | C13: https://docs.google.com/spreadsheets/d/13ZTrmU9eZ0ltVSNirEcBuqq017_b-TB85qZEqfPPF5Q/edit | D13: 0 | E13: 13

Sheet MASTER
A1: PC | B1: Nama Karyawan | C1: Worker ID | D1: Update Date | E1: Song ID YT | F1: Judul Lagu Kompilasi | G1: Aggregator | H1: Genre | I1: Nama Channel | J1: Link Channel YT | K1: Link Video YT | L1: Tanggal Video Dibuat | M1: Tanggal Video Dipublish | N1: Status Upload | O1: PIC channel | P1: Masa Produksi (hari) | Q1: Umur Data (hari) | R1: Validasi Master | S1: Duplikat?
A2: PC 01 | C2: W01 | D2: 46311 | E2: W01-16102026-001 | F2: PLAN B | G2: DistroKid | H2: Pop | I2: MOONELLE | K2: https://youtu.be/bI8jj576Pdg?si=L99J46Ek0fErrnfT | L2: 46311 | M2: 46311 | N2: Upload | P2: =IF(AND(ISNUMBER($L2),ISNUMBER($M2)),MAX(0,$M2-$L2),"") | Q2: =IF(ISNUMBER($D2),MAX(0,TODAY()-$D2),"") | R2: =IF(COUNTA($A2:$O2)=0,"",IFERROR(TRIM(TEXTJOIN(" | ",TRUE,IF($A2="","PC kosong",""),IF($C2="","Worker ID kosong",""),IF($D2="","Update Date kosong",IF(NOT(ISNUMBER($D2)),"Update Date bukan tanggal","")),IF($E2="","Song ID YT kosong",""),IF($F2="","Judul kosong",""),IF(TRIM($G2)="","",IF(ISERROR(MATCH(TRIM($G2),{"TuneCore","DistroKid","TooLost","SoundOn","Ditto","Believe","CD Baby","Amuse","Symphonic Distribution","ONErpm","RouteNote","LANDR","Horus Music","Indie"},0)),"Aggregator di luar daftar","")),IF(TRIM($H2)="","Genre kosong",IF((LEN(SUBSTITUTE(SUBSTITUTE(SUBSTITUTE(TRIM($H2),"/",","),";",",")," ",""))-LEN(SUBSTITUTE(SUBSTITUTE(SUBSTITUTE(SUBSTITUTE(TRIM($H2),"/",","),";",",")," ",""),",",""))+1)>2,"Genre maksimal 2",IF(SUMPRODUCT(--ISNUMBER(SEARCH(","&{"Pop","Jazz","Hip-Hop","Soul","Indie","Dangdut","Rock","R&B","Electronic","K-Pop","Nasional","Daerah","Alternative","Folk","Country","Metal","Reggae","Latin","Classical","Soundtrack","Gospel","Blues","Funk","EDM"}&",",","&SUBSTITUTE(SUBSTITUTE(SUBSTITUTE(TRIM($H2),"/",","),";",",")," ","")&",")))<>(LEN(SUBSTITUTE(SUBSTITUTE(SUBSTITUTE(TRIM($H2),"/",","),";",",")," ",""))-LEN(SUBSTITUTE(SUBSTITUTE(SUBSTITUTE(SUBSTITUTE(TRIM($H2),"/",","),";",",")," ",""),",",""))+1),"Genre di luar daftar",""))),IF($I2="","Nama Channel kosong",""),IF($J2="","Link Channel kosong",IF(ISERROR(SEARCH("youtu",$J2)),"Link Channel bukan youtube","")),IF($K2="","Link Video kosong",IF(ISERROR(SEARCH("youtu",$K2)),"Link Video bukan youtube","")),IF($L2="","Tgl Dibuat kosong",IF(NOT(ISNUMBER($L2)),"Tgl Dibuat bukan tanggal","")),IF(AND($M2<>"",NOT(ISNUMBER($M2))),"Tgl Publish bukan tanggal",""),IF(AND(ISNUMBER($L2),ISNUMBER($M2),$M2<$L2),"Tgl Publish < Tgl buat",""),IF(TRIM($N2)="","Status kosong",IF(ISERROR(MATCH(TRIM($N2),{"Draft","Menunggu Review","Revisi","Terjadwal","Upload","Publish","Published","Batal"},0)),"Status di luar daftar","")))),"")) | S2: =IF(AND($A2<>"",$C2<>""),IF(COUNTIFS($A$2:$A$1000,$A2,$C$2:$C$1000,$C2)>1,"DUPLICAT",""),"")
A3: PC 01 | D3: 46311 | E3: W01-16102026-002 | F3: IN MY SHADOW | G3: DistroKid | H3: Pop | I3: MOONELLE | K3: https://youtu.be/bI8jj576Pdg?si=L99J46Ek0fErrnfT | L3: 46311 | M3: 46311 | N3: Upload | P3: =IF(AND(ISNUMBER($L3),ISNUMBER($M3)),MAX(0,$M3-$L3),"") | Q3: =IF(ISNUMBER($D3),MAX(0,TODAY()-$D3),"") | R3: =IF(COUNTA($A3:$O3)=0,"",IFERROR(TRIM(TEXTJOIN(" | ",TRUE,IF($A3="","PC kosong",""),IF($C3="","Worker ID kosong",""),IF($D3="","Update Date kosong",IF(NOT(ISNUMBER($D3)),"Update Date bukan tanggal","")),IF($E3="","Song ID YT kosong",""),IF($F3="","Judul kosong",""),IF(TRIM($G3)="","",IF(ISERROR(MATCH(TRIM($G3),{"TuneCore","DistroKid","TooLost","SoundOn","Ditto","Believe","CD Baby","Amuse","Symphonic Distribution","ONErpm","RouteNote","LANDR","Horus Music","Indie"},0)),"Aggregator di luar daftar","")),IF(TRIM($H3)="","Genre kosong",IF((LEN(SUBSTITUTE(SUBSTITUTE(SUBSTITUTE(TRIM($H3),"/",","),";",",")," ",""))-LEN(SUBSTITUTE(SUBSTITUTE(SUBSTITUTE(SUBSTITUTE(TRIM($H3),"/",","),";",",")," ",""),",",""))+1)>2,"Genre maksimal 2",IF(SUMPRODUCT(--ISNUMBER(SEARCH(","&{"Pop","Jazz","Hip-Hop","Soul","Indie","Dangdut","Rock","R&B","Electronic","K-Pop","Nasional","Daerah","Alternative","Folk","Country","Metal","Reggae","Latin","Classical","Soundtrack","Gospel","Blues","Funk","EDM"}&",",","&SUBSTITUTE(SUBSTITUTE(SUBSTITUTE(TRIM($H3),"/",","),";",",")," ","")&",")))<>(LEN(SUBSTITUTE(SUBSTITUTE(SUBSTITUTE(TRIM($H3),"/",","),";",",")," ",""))-LEN(SUBSTITUTE(SUBSTITUTE(SUBSTITUTE(SUBSTITUTE(TRIM($H3),"/",","),";",",")," ",""),",",""))+1),"Genre di luar daftar",""))),IF($I3="","Nama Channel kosong",""),IF($J3="","Link Channel kosong",IF(ISERROR(SEARCH("youtu",$J3)),"Link Channel bukan youtube","")),IF($K3="","Link Video kosong",IF(ISERROR(SEARCH("youtu",$K3)),"Link Video bukan youtube","")),IF($L3="","Tgl Dibuat kosong",IF(NOT(ISNUMBER($L3)),"Tgl Dibuat bukan tanggal","")),IF(AND($M3<>"",NOT(ISNUMBER($M3))),"Tgl Publish bukan tanggal",""),IF(AND(ISNUMBER($L3),ISNUMBER($M3),$M3<$L3),"Tgl Publish < Tgl buat",""),IF(TRIM($N3)="","Status kosong",IF(ISERROR(MATCH(TRIM($N3),{"Draft","Menunggu Review","Revisi","Terjadwal","Upload","Publish","Published","Batal"},0)),"Status di luar daftar","")))),"")) | S3: =IF(AND($A3<>"",$C3<>""),IF(COUNTIFS($A$2:$A$1000,$A3,$C$2:$C$1000,$C3)>1,"DUPLICAT",""),"")
A4: PC 01 | E4: W01-17102016-001 | F4: SHMPHONY OF US | G4: DistroKid | H4: Pop | I4: MOONELLE | K4: https://youtu.be/eUdT66_D1G0?si=1C5oFfeh3sLXcBwe | L4: 46312 | N4: Upload | P4: =IF(AND(ISNUMBER($L4),ISNUMBER($M4)),MAX(0,$M4-$L4),"") | Q4: =IF(ISNUMBER($D4),MAX(0,TODAY()-$D4),"") | R4: =IF(COUNTA($A4:$O4)=0,"",IFERROR(TRIM(TEXTJOIN(" | ",TRUE,IF($A4="","PC kosong",""),IF($C4="","Worker ID kosong",""),IF($D4="","Update Date kosong",IF(NOT(ISNUMBER($D4)),"Update Date bukan tanggal","")),IF($E4="","Song ID YT kosong",""),IF($F4="","Judul kosong",""),IF(TRIM($G4)="","",IF(ISERROR(MATCH(TRIM($G4),{"TuneCore","DistroKid","TooLost","SoundOn","Ditto","Believe","CD Baby","Amuse","Symphonic Distribution","ONErpm","RouteNote","LANDR","Horus Music","Indie"},0)),"Aggregator di luar daftar","")),IF(TRIM($H4)="","Genre kosong",IF((LEN(SUBSTITUTE(SUBSTITUTE(SUBSTITUTE(TRIM($H4),"/",","),";",",")," ",""))-LEN(SUBSTITUTE(SUBSTITUTE(SUBSTITUTE(SUBSTITUTE(TRIM($H4),"/",","),";",",")," ",""),",",""))+1)>2,"Genre maksimal 2",IF(SUMPRODUCT(--ISNUMBER(SEARCH(","&{"Pop","Jazz","Hip-Hop","Soul","Indie","Dangdut","Rock","R&B","Electronic","K-Pop","Nasional","Daerah","Alternative","Folk","Country","Metal","Reggae","Latin","Classical","Soundtrack","Gospel","Blues","Funk","EDM"}&",",","&SUBSTITUTE(SUBSTITUTE(SUBSTITUTE(TRIM($H4),"/",","),";",",")," ","")&",")))<>(LEN(SUBSTITUTE(SUBSTITUTE(SUBSTITUTE(TRIM($H4),"/",","),";",",")," ",""))-LEN(SUBSTITUTE(SUBSTITUTE(SUBSTITUTE(SUBSTITUTE(TRIM($H4),"/",","),";",",")," ",""),",",""))+1),"Genre di luar daftar",""))),IF($I4="","Nama Channel kosong",""),IF($J4="","Link Channel kosong",IF(ISERROR(SEARCH("youtu",$J4)),"Link Channel bukan youtube","")),IF($K4="","Link Video kosong",IF(ISERROR(SEARCH("youtu",$K4)),"Link Video bukan youtube","")),IF($L4="","Tgl Dibuat kosong",IF(NOT(ISNUMBER($L4)),"Tgl Dibuat bukan tanggal","")),IF(AND($M4<>"",NOT(ISNUMBER($M4))),"Tgl Publish bukan tanggal",""),IF(AND(ISNUMBER($L4),ISNUMBER($M4),$M4<$L4),"Tgl Publish < Tgl buat",""),IF(TRIM($N4)="","Status kosong",IF(ISERROR(MATCH(TRIM($N4),{"Draft","Menunggu Review","Revisi","Terjadwal","Upload","Publish","Published","Batal"},0)),"Status di luar daftar","")))),"")) | S4: =IF(AND($A4<>"",$C4<>""),IF(COUNTIFS($A$2:$A$1000,$A4,$C$2:$C$1000,$C4)>1,"DUPLICAT",""),"")
A5: PC 01 | E5: W01-17102016-002 | F5: WAITING IN THE WINGS | G5: DistroKid | H5: Pop | I5: MOONELLE | K5: https://youtu.be/mvnZCMT6OKA?si=cvLDQ2J0LoJeBFI7 | P5: =IF(AND(ISNUMBER($L5),ISNUMBER($M5)),MAX(0,$M5-$L5),"") | Q5: =IF(ISNUMBER($D5),MAX(0,TODAY()-$D5),"") | R5: =IF(COUNTA($A5:$O5)=0,"",IFERROR(TRIM(TEXTJOIN(" | ",TRUE,IF($A5="","PC kosong",""),IF($C5="","Worker ID kosong",""),IF($D5="","Update Date kosong",IF(NOT(ISNUMBER($D5)),"Update Date bukan tanggal","")),IF($E5="","Song ID YT kosong",""),IF($F5="","Judul kosong",""),IF(TRIM($G5)="","",IF(ISERROR(MATCH(TRIM($G5),{"TuneCore","DistroKid","TooLost","SoundOn","Ditto","Believe","CD Baby","Amuse","Symphonic Distribution","ONErpm","RouteNote","LANDR","Horus Music","Indie"},0)),"Aggregator di luar daftar","")),IF(TRIM($H5)="","Genre kosong",IF((LEN(SUBSTITUTE(SUBSTITUTE(SUBSTITUTE(TRIM($H5),"/",","),";",",")," ",""))-LEN(SUBSTITUTE(SUBSTITUTE(SUBSTITUTE(SUBSTITUTE(TRIM($H5),"/",","),";",",")," ",""),",",""))+1)>2,"Genre maksimal 2",IF(SUMPRODUCT(--ISNUMBER(SEARCH(","&{"Pop","Jazz","Hip-Hop","Soul","Indie","Dangdut","Rock","R&B","Electronic","K-Pop","Nasional","Daerah","Alternative","Folk","Country","Metal","Reggae","Latin","Classical","Soundtrack","Gospel","Blues","Funk","EDM"}&",",","&SUBSTITUTE(SUBSTITUTE(SUBSTITUTE(TRIM($H5),"/",","),";",",")," ","")&",")))<>(LEN(SUBSTITUTE(SUBSTITUTE(SUBSTITUTE(TRIM($H5),"/",","),";",",")," ",""))-LEN(SUBSTITUTE(SUBSTITUTE(SUBSTITUTE(SUBSTITUTE(TRIM($H5),"/",","),";",",")," ",""),",",""))+1),"Genre di luar daftar",""))),IF($I5="","Nama Channel kosong",""),IF($J5="","Link Channel kosong",IF(ISERROR(SEARCH("youtu",$J5)),"Link Channel bukan youtube","")),IF($K5="","Link Video kosong",IF(ISERROR(SEARCH("youtu",$K5)),"Link Video bukan youtube","")),IF($L5="","Tgl Dibuat kosong",IF(NOT(ISNUMBER($L5)),"Tgl Dibuat bukan tanggal","")),IF(AND($M5<>"",NOT(ISNUMBER($M5))),"Tgl Publish bukan tanggal",""),IF(AND(ISNUMBER($L5),ISNUMBER($M5),$M5<$L5),"Tgl Publish < Tgl buat",""),IF(TRIM($N5)="","Status kosong",IF(ISERROR(MATCH(TRIM($N5),{"Draft","Menunggu Review","Revisi","Terjadwal","Upload","Publish","Published","Batal"},0)),"Status di luar daftar","")))),"")) | S5: =IF(AND($A5<>"",$C5<>""),IF(COUNTIFS($A$2:$A$1000,$A5,$C$2:$C$1000,$C5)>1,"DUPLICAT",""),"")
A6: PC 01 | E6: W01-17102016-003 | F6: PETAL AND PROMISES | G6: DistroKid | H6: Pop | I6: MOONELLE | K6: https://youtu.be/mvnZCMT6OKA?si=cvLDQ2J0LoJeBFI7 | P6: =IF(AND(ISNUMBER($L6),ISNUMBER($M6)),MAX(0,$M6-$L6),"") | Q6: =IF(ISNUMBER($D6),MAX(0,TODAY()-$D6),"") | R6: =IF(COUNTA($A6:$O6)=0,"",IFERROR(TRIM(TEXTJOIN(" | ",TRUE,IF($A6="","PC kosong",""),IF($C6="","Worker ID kosong",""),IF($D6="","Update Date kosong",IF(NOT(ISNUMBER($D6)),"Update Date bukan tanggal","")),IF($E6="","Song ID YT kosong",""),IF($F6="","Judul kosong",""),IF(TRIM($G6)="","",IF(ISERROR(MATCH(TRIM($G6),{"TuneCore","DistroKid","TooLost","SoundOn","Ditto","Believe","CD Baby","Amuse","Symphonic Distribution","ONErpm","RouteNote","LANDR","Horus Music","Indie"},0)),"Aggregator di luar daftar","")),IF(TRIM($H6)="","Genre kosong",IF((LEN(SUBSTITUTE(SUBSTITUTE(SUBSTITUTE(TRIM($H6),"/",","),";",",")," ",""))-LEN(SUBSTITUTE(SUBSTITUTE(SUBSTITUTE(SUBSTITUTE(TRIM($H6),"/",","),";",",")," ",""),",",""))+1)>2,"Genre maksimal 2",IF(SUMPRODUCT(--ISNUMBER(SEARCH(","&{"Pop","Jazz","Hip-Hop","Soul","Indie","Dangdut","Rock","R&B","Electronic","K-Pop","Nasional","Daerah","Alternative","Folk","Country","Metal","Reggae","Latin","Classical","Soundtrack","Gospel","Blues","Funk","EDM"}&",",","&SUBSTITUTE(SUBSTITUTE(SUBSTITUTE(TRIM($H6),"/",","),";",",")," ","")&",")))<>(LEN(SUBSTITUTE(SUBSTITUTE(SUBSTITUTE(TRIM($H6),"/",","),";",",")," ",""))-LEN(SUBSTITUTE(SUBSTITUTE(SUBSTITUTE(SUBSTITUTE(TRIM($H6),"/",","),";",",")," ",""),",",""))+1),"Genre di luar daftar",""))),IF($I6="","Nama Channel kosong",""),IF($J6="","Link Channel kosong",IF(ISERROR(SEARCH("youtu",$J6)),"Link Channel bukan youtube","")),IF($K6="","Link Video kosong",IF(ISERROR(SEARCH("youtu",$K6)),"Link Video bukan youtube","")),IF($L6="","Tgl Dibuat kosong",IF(NOT(ISNUMBER($L6)),"Tgl Dibuat bukan tanggal","")),IF(AND($M6<>"",NOT(ISNUMBER($M6))),"Tgl Publish bukan tanggal",""),IF(AND(ISNUMBER($L6),ISNUMBER($M6),$M6<$L6),"Tgl Publish < Tgl buat",""),IF(TRIM($N6)="","Status kosong",IF(ISERROR(MATCH(TRIM($N6),{"Draft","Menunggu Review","Revisi","Terjadwal","Upload","Publish","Published","Batal"},0)),"Status di luar daftar","")))),"")) | S6: =IF(AND($A6<>"",$C6<>""),IF(COUNTIFS($A$2:$A$1000,$A6,$C$2:$C$1000,$C6)>1,"DUPLICAT",""),"")
A7: PC 01 | E7: W01-19102026-001 | F7: HALLWAY MEMORIES | G7: TooLost | H7: Pop | I7: MOONELLE | K7: https://youtu.be/V8Sq6eCqMHY?si=zDsf9y_PpiLsjJK1 | P7: =IF(AND(ISNUMBER($L7),ISNUMBER($M7)),MAX(0,$M7-$L7),"") | Q7: =IF(ISNUMBER($D7),MAX(0,TODAY()-$D7),"") | R7: =IF(COUNTA($A7:$O7)=0,"",IFERROR(TRIM(TEXTJOIN(" | ",TRUE,IF($A7="","PC kosong",""),IF($C7="","Worker ID kosong",""),IF($D7="","Update Date kosong",IF(NOT(ISNUMBER($D7)),"Update Date bukan tanggal","")),IF($E7="","Song ID YT kosong",""),IF($F7="","Judul kosong",""),IF(TRIM($G7)="","",IF(ISERROR(MATCH(TRIM($G7),{"TuneCore","DistroKid","TooLost","SoundOn","Ditto","Believe","CD Baby","Amuse","Symphonic Distribution","ONErpm","RouteNote","LANDR","Horus Music","Indie"},0)),"Aggregator di luar daftar","")),IF(TRIM($H7)="","Genre kosong",IF((LEN(SUBSTITUTE(SUBSTITUTE(SUBSTITUTE(TRIM($H7),"/",","),";",",")," ",""))-LEN(SUBSTITUTE(SUBSTITUTE(SUBSTITUTE(SUBSTITUTE(TRIM($H7),"/",","),";",",")," ",""),",",""))+1)>2,"Genre maksimal 2",IF(SUMPRODUCT(--ISNUMBER(SEARCH(","&{"Pop","Jazz","Hip-Hop","Soul","Indie","Dangdut","Rock","R&B","Electronic","K-Pop","Nasional","Daerah","Alternative","Folk","Country","Metal","Reggae","Latin","Classical","Soundtrack","Gospel","Blues","Funk","EDM"}&",",","&SUBSTITUTE(SUBSTITUTE(SUBSTITUTE(TRIM($H7),"/",","),";",",")," ","")&",")))<>(LEN(SUBSTITUTE(SUBSTITUTE(SUBSTITUTE(TRIM($H7),"/",","),";",",")," ",""))-LEN(SUBSTITUTE(SUBSTITUTE(SUBSTITUTE(SUBSTITUTE(TRIM($H7),"/",","),";",",")," ",""),",",""))+1),"Genre di luar daftar",""))),IF($I7="","Nama Channel kosong",""),IF($J7="","Link Channel kosong",IF(ISERROR(SEARCH("youtu",$J7)),"Link Channel bukan youtube","")),IF($K7="","Link Video kosong",IF(ISERROR(SEARCH("youtu",$K7)),"Link Video bukan youtube","")),IF($L7="","Tgl Dibuat kosong",IF(NOT(ISNUMBER($L7)),"Tgl Dibuat bukan tanggal","")),IF(AND($M7<>"",NOT(ISNUMBER($M7))),"Tgl Publish bukan tanggal",""),IF(AND(ISNUMBER($L7),ISNUMBER($M7),$M7<$L7),"Tgl Publish < Tgl buat",""),IF(TRIM($N7)="","Status kosong",IF(ISERROR(MATCH(TRIM($N7),{"Draft","Menunggu Review","Revisi","Terjadwal","Upload","Publish","Published","Batal"},0)),"Status di luar daftar","")))),"")) | S7: =IF(AND($A7<>"",$C7<>""),IF(COUNTIFS($A$2:$A$1000,$A7,$C$2:$C$1000,$C7)>1,"DUPLICAT",""),"")
A8: PC 01 | E8: W01-19102026-002 | F8: CHALK CIRCLES AND SPRINGKLERS | G8: DistroKid | H8: Pop | I8: MOONELLE | K8: https://youtu.be/V8Sq6eCqMHY?si=zDsf9y_PpiLsjJK1 | P8: =IF(AND(ISNUMBER($L8),ISNUMBER($M8)),MAX(0,$M8-$L8),"") | Q8: =IF(ISNUMBER($D8),MAX(0,TODAY()-$D8),"") | R8: =IF(COUNTA($A8:$O8)=0,"",IFERROR(TRIM(TEXTJOIN(" | ",TRUE,IF($A8="","PC kosong",""),IF($C8="","Worker ID kosong",""),IF($D8="","Update Date kosong",IF(NOT(ISNUMBER($D8)),"Update Date bukan tanggal","")),IF($E8="","Song ID YT kosong",""),IF($F8="","Judul kosong",""),IF(TRIM($G8)="","",IF(ISERROR(MATCH(TRIM($G8),{"TuneCore","DistroKid","TooLost","SoundOn","Ditto","Believe","CD Baby","Amuse","Symphonic Distribution","ONErpm","RouteNote","LANDR","Horus Music","Indie"},0)),"Aggregator di luar daftar","")),IF(TRIM($H8)="","Genre kosong",IF((LEN(SUBSTITUTE(SUBSTITUTE(SUBSTITUTE(TRIM($H8),"/",","),";",",")," ",""))-LEN(SUBSTITUTE(SUBSTITUTE(SUBSTITUTE(SUBSTITUTE(TRIM($H8),"/",","),";",",")," ",""),",",""))+1)>2,"Genre maksimal 2",IF(SUMPRODUCT(--ISNUMBER(SEARCH(","&{"Pop","Jazz","Hip-Hop","Soul","Indie","Dangdut","Rock","R&B","Electronic","K-Pop","Nasional","Daerah","Alternative","Folk","Country","Metal","Reggae","Latin","Classical","Soundtrack","Gospel","Blues","Funk","EDM"}&",",","&SUBSTITUTE(SUBSTITUTE(SUBSTITUTE(TRIM($H8),"/",","),";",",")," ","")&",")))<>(LEN(SUBSTITUTE(SUBSTITUTE(SUBSTITUTE(TRIM($H8),"/",","),";",",")," ",""))-LEN(SUBSTITUTE(SUBSTITUTE(SUBSTITUTE(SUBSTITUTE(TRIM($H8),"/",","),";",",")," ",""),",",""))+1),"Genre di luar daftar",""))),IF($I8="","Nama Channel kosong",""),IF($J8="","Link Channel kosong",IF(ISERROR(SEARCH("youtu",$J8)),"Link Channel bukan youtube","")),IF($K8="","Link Video kosong",IF(ISERROR(SEARCH("youtu",$K8)),"Link Video bukan youtube","")),IF($L8="","Tgl Dibuat kosong",IF(NOT(ISNUMBER($L8)),"Tgl Dibuat bukan tanggal","")),IF(AND($M8<>"",NOT(ISNUMBER($M8))),"Tgl Publish bukan tanggal",""),IF(AND(ISNUMBER($L8),ISNUMBER($M8),$M8<$L8),"Tgl Publish < Tgl buat",""),IF(TRIM($N8)="","Status kosong",IF(ISERROR(MATCH(TRIM($N8),{"Draft","Menunggu Review","Revisi","Terjadwal","Upload","Publish","Published","Batal"},0)),"Status di luar daftar","")))),"")) | S8: =IF(AND($A8<>"",$C8<>""),IF(COUNTIFS($A$2:$A$1000,$A8,$C$2:$C$1000,$C8)>1,"DUPLICAT",""),"")
A9: PC 01 | E9: W01-19102026-003 | F9: HIGH ABOVE THE NOISE | G9: DistroKid | H9: Jazz | I9: MOONELLE | K9: https://youtu.be/Q9IxyuhXOvU?si=iEY5l_dq_2MAw08G | P9: =IF(AND(ISNUMBER($L9),ISNUMBER($M9)),MAX(0,$M9-$L9),"") | Q9: =IF(ISNUMBER($D9),MAX(0,TODAY()-$D9),"") | R9: =IF(COUNTA($A9:$O9)=0,"",IFERROR(TRIM(TEXTJOIN(" | ",TRUE,IF($A9="","PC kosong",""),IF($C9="","Worker ID kosong",""),IF($D9="","Update Date kosong",IF(NOT(ISNUMBER($D9)),"Update Date bukan tanggal","")),IF($E9="","Song ID YT kosong",""),IF($F9="","Judul kosong",""),IF(TRIM($G9)="","",IF(ISERROR(MATCH(TRIM($G9),{"TuneCore","DistroKid","TooLost","SoundOn","Ditto","Believe","CD Baby","Amuse","Symphonic Distribution","ONErpm","RouteNote","LANDR","Horus Music","Indie"},0)),"Aggregator di luar daftar","")),IF(TRIM($H9)="","Genre kosong",IF((LEN(SUBSTITUTE(SUBSTITUTE(SUBSTITUTE(TRIM($H9),"/",","),";",",")," ",""))-LEN(SUBSTITUTE(SUBSTITUTE(SUBSTITUTE(SUBSTITUTE(TRIM($H9),"/",","),";",",")," ",""),",",""))+1)>2,"Genre maksimal 2",IF(SUMPRODUCT(--ISNUMBER(SEARCH(","&{"Pop","Jazz","Hip-Hop","Soul","Indie","Dangdut","Rock","R&B","Electronic","K-Pop","Nasional","Daerah","Alternative","Folk","Country","Metal","Reggae","Latin","Classical","Soundtrack","Gospel","Blues","Funk","EDM"}&",",","&SUBSTITUTE(SUBSTITUTE(SUBSTITUTE(TRIM($H9),"/",","),";",",")," ","")&",")))<>(LEN(SUBSTITUTE(SUBSTITUTE(SUBSTITUTE(TRIM($H9),"/",","),";",",")," ",""))-LEN(SUBSTITUTE(SUBSTITUTE(SUBSTITUTE(SUBSTITUTE(TRIM($H9),"/",","),";",",")," ",""),",",""))+1),"Genre di luar daftar",""))),IF($I9="","Nama Channel kosong",""),IF($J9="","Link Channel kosong",IF(ISERROR(SEARCH("youtu",$J9)),"Link Channel bukan youtube","")),IF($K9="","Link Video kosong",IF(ISERROR(SEARCH("youtu",$K9)),"Link Video bukan youtube","")),IF($L9="","Tgl Dibuat kosong",IF(NOT(ISNUMBER($L9)),"Tgl Dibuat bukan tanggal","")),IF(AND($M9<>"",NOT(ISNUMBER($M9))),"Tgl Publish bukan tanggal",""),IF(AND(ISNUMBER($L9),ISNUMBER($M9),$M9<$L9),"Tgl Publish < Tgl buat",""),IF(TRIM($N9)="","Status kosong",IF(ISERROR(MATCH(TRIM($N9),{"Draft","Menunggu Review","Revisi","Terjadwal","Upload","Publish","Published","Batal"},0)),"Status di luar daftar","")))),"")) | S9: =IF(AND($A9<>"",$C9<>""),IF(COUNTIFS($A$2:$A$1000,$A9,$C$2:$C$1000,$C9)>1,"DUPLICAT",""),"")
A10: PC 01 | E10: W01-19102026-004 | F10: HAND THAT HELD ME | G10: DistroKid | H10: Pop | I10: MOONELLE | K10: https://youtu.be/Q9IxyuhXOvU?si=iEY5l_dq_2MAw08G | P10: =IF(AND(ISNUMBER($L10),ISNUMBER($M10)),MAX(0,$M10-$L10),"") | Q10: =IF(ISNUMBER($D10),MAX(0,TODAY()-$D10),"") | R10: =IF(COUNTA($A10:$O10)=0,"",IFERROR(TRIM(TEXTJOIN(" | ",TRUE,IF($A10="","PC kosong",""),IF($C10="","Worker ID kosong",""),IF($D10="","Update Date kosong",IF(NOT(ISNUMBER($D10)),"Update Date bukan tanggal","")),IF($E10="","Song ID YT kosong",""),IF($F10="","Judul kosong",""),IF(TRIM($G10)="","",IF(ISERROR(MATCH(TRIM($G10),{"TuneCore","DistroKid","TooLost","SoundOn","Ditto","Believe","CD Baby","Amuse","Symphonic Distribution","ONErpm","RouteNote","LANDR","Horus Music","Indie"},0)),"Aggregator di luar daftar","")),IF(TRIM($H10)="","Genre kosong",IF((LEN(SUBSTITUTE(SUBSTITUTE(SUBSTITUTE(TRIM($H10),"/",","),";",",")," ",""))-LEN(SUBSTITUTE(SUBSTITUTE(SUBSTITUTE(SUBSTITUTE(TRIM($H10),"/",","),";",",")," ",""),",",""))+1)>2,"Genre maksimal 2",IF(SUMPRODUCT(--ISNUMBER(SEARCH(","&{"Pop","Jazz","Hip-Hop","Soul","Indie","Dangdut","Rock","R&B","Electronic","K-Pop","Nasional","Daerah","Alternative","Folk","Country","Metal","Reggae","Latin","Classical","Soundtrack","Gospel","Blues","Funk","EDM"}&",",","&SUBSTITUTE(SUBSTITUTE(SUBSTITUTE(TRIM($H10),"/",","),";",",")," ","")&",")))<>(LEN(SUBSTITUTE(SUBSTITUTE(SUBSTITUTE(TRIM($H10),"/",","),";",",")," ",""))-LEN(SUBSTITUTE(SUBSTITUTE(SUBSTITUTE(SUBSTITUTE(TRIM($H10),"/",","),";",",")," ",""),",",""))+1),"Genre di luar daftar",""))),IF($I10="","Nama Channel kosong",""),IF($J10="","Link Channel kosong",IF(ISERROR(SEARCH("youtu",$J10)),"Link Channel bukan youtube","")),IF($K10="","Link Video kosong",IF(ISERROR(SEARCH("youtu",$K10)),"Link Video bukan youtube","")),IF($L10="","Tgl Dibuat kosong",IF(NOT(ISNUMBER($L10)),"Tgl Dibuat bukan tanggal","")),IF(AND($M10<>"",NOT(ISNUMBER($M10))),"Tgl Publish bukan tanggal",""),IF(AND(ISNUMBER($L10),ISNUMBER($M10),$M10<$L10),"Tgl Publish < Tgl buat",""),IF(TRIM($N10)="","Status kosong",IF(ISERROR(MATCH(TRIM($N10),{"Draft","Menunggu Review","Revisi","Terjadwal","Upload","Publish","Published","Batal"},0)),"Status di luar daftar","")))),"")) | S10: =IF(AND($A10<>"",$C10<>""),IF(COUNTIFS($A$2:$A$1000,$A10,$C$2:$C$1000,$C10)>1,"DUPLICAT",""),"")
A11: PC 01 | E11: W01-19102026-005 | F11: LIITLE STAR IN MY ARMS | G11: TooLost | H11: Pop | I11: MOONELLE | K11: https://youtu.be/sTsYW0sN8V8?si=D1lH7t1qnXGGPgcw | P11: =IF(AND(ISNUMBER($L11),ISNUMBER($M11)),MAX(0,$M11-$L11),"") | Q11: =IF(ISNUMBER($D11),MAX(0,TODAY()-$D11),"") | R11: =IF(COUNTA($A11:$O11)=0,"",IFERROR(TRIM(TEXTJOIN(" | ",TRUE,IF($A11="","PC kosong",""),IF($C11="","Worker ID kosong",""),IF($D11="","Update Date kosong",IF(NOT(ISNUMBER($D11)),"Update Date bukan tanggal","")),IF($E11="","Song ID YT kosong",""),IF($F11="","Judul kosong",""),IF(TRIM($G11)="","",IF(ISERROR(MATCH(TRIM($G11),{"TuneCore","DistroKid","TooLost","SoundOn","Ditto","Believe","CD Baby","Amuse","Symphonic Distribution","ONErpm","RouteNote","LANDR","Horus Music","Indie"},0)),"Aggregator di luar daftar","")),IF(TRIM($H11)="","Genre kosong",IF((LEN(SUBSTITUTE(SUBSTITUTE(SUBSTITUTE(TRIM($H11),"/",","),";",",")," ",""))-LEN(SUBSTITUTE(SUBSTITUTE(SUBSTITUTE(SUBSTITUTE(TRIM($H11),"/",","),";",",")," ",""),",",""))+1)>2,"Genre maksimal 2",IF(SUMPRODUCT(--ISNUMBER(SEARCH(","&{"Pop","Jazz","Hip-Hop","Soul","Indie","Dangdut","Rock","R&B","Electronic","K-Pop","Nasional","Daerah","Alternative","Folk","Country","Metal","Reggae","Latin","Classical","Soundtrack","Gospel","Blues","Funk","EDM"}&",",","&SUBSTITUTE(SUBSTITUTE(SUBSTITUTE(TRIM($H11),"/",","),";",",")," ","")&",")))<>(LEN(SUBSTITUTE(SUBSTITUTE(SUBSTITUTE(TRIM($H11),"/",","),";",",")," ",""))-LEN(SUBSTITUTE(SUBSTITUTE(SUBSTITUTE(SUBSTITUTE(TRIM($H11),"/",","),";",",")," ",""),",",""))+1),"Genre di luar daftar",""))),IF($I11="","Nama Channel kosong",""),IF($J11="","Link Channel kosong",IF(ISERROR(SEARCH("youtu",$J11)),"Link Channel bukan youtube","")),IF($K11="","Link Video kosong",IF(ISERROR(SEARCH("youtu",$K11)),"Link Video bukan youtube","")),IF($L11="","Tgl Dibuat kosong",IF(NOT(ISNUMBER($L11)),"Tgl Dibuat bukan tanggal","")),IF(AND($M11<>"",NOT(ISNUMBER($M11))),"Tgl Publish bukan tanggal",""),IF(AND(ISNUMBER($L11),ISNUMBER($M11),$M11<$L11),"Tgl Publish < Tgl buat",""),IF(TRIM($N11)="","Status kosong",IF(ISERROR(MATCH(TRIM($N11),{"Draft","Menunggu Review","Revisi","Terjadwal","Upload","Publish","Published","Batal"},0)),"Status di luar daftar","")))),"")) | S11: =IF(AND($A11<>"",$C11<>""),IF(COUNTIFS($A$2:$A$1000,$A11,$C$2:$C$1000,$C11)>1,"DUPLICAT",""),"")
A12: PC 01 | E12: W01-20102026-001 | F12: BLOOM | G12: DistroKid | H12: Pop | I12: MOONELLE | K12: https://youtu.be/XsJ1rfBIhxg?si=BTsceuMqheDDWgCG | P12: =IF(AND(ISNUMBER($L12),ISNUMBER($M12)),MAX(0,$M12-$L12),"") | Q12: =IF(ISNUMBER($D12),MAX(0,TODAY()-$D12),"") | R12: =IF(COUNTA($A12:$O12)=0,"",IFERROR(TRIM(TEXTJOIN(" | ",TRUE,IF($A12="","PC kosong",""),IF($C12="","Worker ID kosong",""),IF($D12="","Update Date kosong",IF(NOT(ISNUMBER($D12)),"Update Date bukan tanggal","")),IF($E12="","Song ID YT kosong",""),IF($F12="","Judul kosong",""),IF(TRIM($G12)="","",IF(ISERROR(MATCH(TRIM($G12),{"TuneCore","DistroKid","TooLost","SoundOn","Ditto","Believe","CD Baby","Amuse","Symphonic Distribution","ONErpm","RouteNote","LANDR","Horus Music","Indie"},0)),"Aggregator di luar daftar","")),IF(TRIM($H12)="","Genre kosong",IF((LEN(SUBSTITUTE(SUBSTITUTE(SUBSTITUTE(TRIM($H12),"/",","),";",",")," ",""))-LEN(SUBSTITUTE(SUBSTITUTE(SUBSTITUTE(SUBSTITUTE(TRIM($H12),"/",","),";",",")," ",""),",",""))+1)>2,"Genre maksimal 2",IF(SUMPRODUCT(--ISNUMBER(SEARCH(","&{"Pop","Jazz","Hip-Hop","Soul","Indie","Dangdut","Rock","R&B","Electronic","K-Pop","Nasional","Daerah","Alternative","Folk","Country","Metal","Reggae","Latin","Classical","Soundtrack","Gospel","Blues","Funk","EDM"}&",",","&SUBSTITUTE(SUBSTITUTE(SUBSTITUTE(TRIM($H12),"/",","),";",",")," ","")&",")))<>(LEN(SUBSTITUTE(SUBSTITUTE(SUBSTITUTE(TRIM($H12),"/",","),";",",")," ",""))-LEN(SUBSTITUTE(SUBSTITUTE(SUBSTITUTE(SUBSTITUTE(TRIM($H12),"/",","),";",",")," ",""),",",""))+1),"Genre di luar daftar",""))),IF($I12="","Nama Channel kosong",""),IF($J12="","Link Channel kosong",IF(ISERROR(SEARCH("youtu",$J12)),"Link Channel bukan youtube","")),IF($K12="","Link Video kosong",IF(ISERROR(SEARCH("youtu",$K12)),"Link Video bukan youtube","")),IF($L12="","Tgl Dibuat kosong",IF(NOT(ISNUMBER($L12)),"Tgl Dibuat bukan tanggal","")),IF(AND($M12<>"",NOT(ISNUMBER($M12))),"Tgl Publish bukan tanggal",""),IF(AND(ISNUMBER($L12),ISNUMBER($M12),$M12<$L12),"Tgl Publish < Tgl buat",""),IF(TRIM($N12)="","Status kosong",IF(ISERROR(MATCH(TRIM($N12),{"Draft","Menunggu Review","Revisi","Terjadwal","Upload","Publish","Published","Batal"},0)),"Status di luar daftar","")))),"")) | S12: =IF(AND($A12<>"",$C12<>""),IF(COUNTIFS($A$2:$A$1000,$A12,$C$2:$C$1000,$C12)>1,"DUPLICAT",""),"")
A13: PC 01 | E13: W01-20102026-002 | F13: MIRROR IN THE WALL | G13: DistroKid | H13: Pop | I13: MOONELLE | K13: https://youtu.be/XsJ1rfBIhxg?si=BTsceuMqheDDWgCG | P13: =IF(AND(ISNUMBER($L13),ISNUMBER($M13)),MAX(0,$M13-$L13),"") | Q13: =IF(ISNUMBER($D13),MAX(0,TODAY()-$D13),"") | R13: =IF(COUNTA($A13:$O13)=0,"",IFERROR(TRIM(TEXTJOIN(" | ",TRUE,IF($A13="","PC kosong",""),IF($C13="","Worker ID kosong",""),IF($D13="","Update Date kosong",IF(NOT(ISNUMBER($D13)),"Update Date bukan tanggal","")),IF($E13="","Song ID YT kosong",""),IF($F13="","Judul kosong",""),IF(TRIM($G13)="","",IF(ISERROR(MATCH(TRIM($G13),{"TuneCore","DistroKid","TooLost","SoundOn","Ditto","Believe","CD Baby","Amuse","Symphonic Distribution","ONErpm","RouteNote","LANDR","Horus Music","Indie"},0)),"Aggregator di luar daftar","")),IF(TRIM($H13)="","Genre kosong",IF((LEN(SUBSTITUTE(SUBSTITUTE(SUBSTITUTE(TRIM($H13),"/",","),";",",")," ",""))-LEN(SUBSTITUTE(SUBSTITUTE(SUBSTITUTE(SUBSTITUTE(TRIM($H13),"/",","),";",",")," ",""),",",""))+1)>2,"Genre maksimal 2",IF(SUMPRODUCT(--ISNUMBER(SEARCH(","&{"Pop","Jazz","Hip-Hop","Soul","Indie","Dangdut","Rock","R&B","Electronic","K-Pop","Nasional","Daerah","Alternative","Folk","Country","Metal","Reggae","Latin","Classical","Soundtrack","Gospel","Blues","Funk","EDM"}&",",","&SUBSTITUTE(SUBSTITUTE(SUBSTITUTE(TRIM($H13),"/",","),";",",")," ","")&",")))<>(LEN(SUBSTITUTE(SUBSTITUTE(SUBSTITUTE(TRIM($H13),"/",","),";",",")," ",""))-LEN(SUBSTITUTE(SUBSTITUTE(SUBSTITUTE(SUBSTITUTE(TRIM($H13),"/",","),";",",")," ",""),",",""))+1),"Genre di luar daftar",""))),IF($I13="","Nama Channel kosong",""),IF($J13="","Link Channel kosong",IF(ISERROR(SEARCH("youtu",$J13)),"Link Channel bukan youtube","")),IF($K13="","Link Video kosong",IF(ISERROR(SEARCH("youtu",$K13)),"Link Video bukan youtube","")),IF($L13="","Tgl Dibuat kosong",IF(NOT(ISNUMBER($L13)),"Tgl Dibuat bukan tanggal","")),IF(AND($M13<>"",NOT(ISNUMBER($M13))),"Tgl Publish bukan tanggal",""),IF(AND(ISNUMBER($L13),ISNUMBER($M13),$M13<$L13),"Tgl Publish < Tgl buat",""),IF(TRIM($N13)="","Status kosong",IF(ISERROR(MATCH(TRIM($N13),{"Draft","Menunggu Review","Revisi","Terjadwal","Upload","Publish","Published","Batal"},0)),"Status di luar daftar","")))),"")) | S13: =IF(AND($A13<>"",$C13<>""),IF(COUNTIFS($A$2:$A$1000,$A13,$C$2:$C$1000,$C13)>1,"DUPLICAT",""),"")
A14: PC 01 | F14: DANCING IN THE DRIZZLE | G14: DistroKid | H14: Jazz | I14: MOONELLE | K14: https://youtu.be/avl-KInETVs?si=xa27wpZyqZwv1CdD | P14: =IF(AND(ISNUMBER($L14),ISNUMBER($M14)),MAX(0,$M14-$L14),"") | Q14: =IF(ISNUMBER($D14),MAX(0,TODAY()-$D14),"") | R14: =IF(COUNTA($A14:$O14)=0,"",IFERROR(TRIM(TEXTJOIN(" | ",TRUE,IF($A14="","PC kosong",""),IF($C14="","Worker ID kosong",""),IF($D14="","Update Date kosong",IF(NOT(ISNUMBER($D14)),"Update Date bukan tanggal","")),IF($E14="","Song ID YT kosong",""),IF($F14="","Judul kosong",""),IF(TRIM($G14)="","",IF(ISERROR(MATCH(TRIM($G14),{"TuneCore","DistroKid","TooLost","SoundOn","Ditto","Believe","CD Baby","Amuse","Symphonic Distribution","ONErpm","RouteNote","LANDR","Horus Music","Indie"},0)),"Aggregator di luar daftar","")),IF(TRIM($H14)="","Genre kosong",IF((LEN(SUBSTITUTE(SUBSTITUTE(SUBSTITUTE(TRIM($H14),"/",","),";",",")," ",""))-LEN(SUBSTITUTE(SUBSTITUTE(SUBSTITUTE(SUBSTITUTE(TRIM($H14),"/",","),";",",")," ",""),",",""))+1)>2,"Genre maksimal 2",IF(SUMPRODUCT(--ISNUMBER(SEARCH(","&{"Pop","Jazz","Hip-Hop","Soul","Indie","Dangdut","Rock","R&B","Electronic","K-Pop","Nasional","Daerah","Alternative","Folk","Country","Metal","Reggae","Latin","Classical","Soundtrack","Gospel","Blues","Funk","EDM"}&",",","&SUBSTITUTE(SUBSTITUTE(SUBSTITUTE(TRIM($H14),"/",","),";",",")," ","")&",")))<>(LEN(SUBSTITUTE(SUBSTITUTE(SUBSTITUTE(TRIM($H14),"/",","),";",",")," ",""))-LEN(SUBSTITUTE(SUBSTITUTE(SUBSTITUTE(SUBSTITUTE(TRIM($H14),"/",","),";",",")," ",""),",",""))+1),"Genre di luar daftar",""))),IF($I14="","Nama Channel kosong",""),IF($J14="","Link Channel kosong",IF(ISERROR(SEARCH("youtu",$J14)),"Link Channel bukan youtube","")),IF($K14="","Link Video kosong",IF(ISERROR(SEARCH("youtu",$K14)),"Link Video bukan youtube","")),IF($L14="","Tgl Dibuat kosong",IF(NOT(ISNUMBER($L14)),"Tgl Dibuat bukan tanggal","")),IF(AND($M14<>"",NOT(ISNUMBER($M14))),"Tgl Publish bukan tanggal",""),IF(AND(ISNUMBER($L14),ISNUMBER($M14),$M14<$L14),"Tgl Publish < Tgl buat",""),IF(TRIM($N14)="","Status kosong",IF(ISERROR(MATCH(TRIM($N14),{"Draft","Menunggu Review","Revisi","Terjadwal","Upload","Publish","Published","Batal"},0)),"Status di luar daftar","")))),"")) | S14: =IF(AND($A14<>"",$C14<>""),IF(COUNTIFS($A$2:$A$1000,$A14,$C$2:$C$1000,$C14)>1,"DUPLICAT",""),"")
A15: PC 01 | F15: FRONT ROW FEVER | G15: DistroKid | H15: Jazz | I15: MOONELLE | K15: https://youtu.be/avl-KInETVs?si=xa27wpZyqZwv1CdD | P15: =IF(AND(ISNUMBER($L15),ISNUMBER($M15)),MAX(0,$M15-$L15),"") | Q15: =IF(ISNUMBER($D15),MAX(0,TODAY()-$D15),"") | R15: =IF(COUNTA($A15:$O15)=0,"",IFERROR(TRIM(TEXTJOIN(" | ",TRUE,IF($A15="","PC kosong",""),IF($C15="","Worker ID kosong",""),IF($D15="","Update Date kosong",IF(NOT(ISNUMBER($D15)),"Update Date bukan tanggal","")),IF($E15="","Song ID YT kosong",""),IF($F15="","Judul kosong",""),IF(TRIM($G15)="","",IF(ISERROR(MATCH(TRIM($G15),{"TuneCore","DistroKid","TooLost","SoundOn","Ditto","Believe","CD Baby","Amuse","Symphonic Distribution","ONErpm","RouteNote","LANDR","Horus Music","Indie"},0)),"Aggregator di luar daftar","")),IF(TRIM($H15)="","Genre kosong",IF((LEN(SUBSTITUTE(SUBSTITUTE(SUBSTITUTE(TRIM($H15),"/",","),";",",")," ",""))-LEN(SUBSTITUTE(SUBSTITUTE(SUBSTITUTE(SUBSTITUTE(TRIM($H15),"/",","),";",",")," ",""),",",""))+1)>2,"Genre maksimal 2",IF(SUMPRODUCT(--ISNUMBER(SEARCH(","&{"Pop","Jazz","Hip-Hop","Soul","Indie","Dangdut","Rock","R&B","Electronic","K-Pop","Nasional","Daerah","Alternative","Folk","Country","Metal","Reggae","Latin","Classical","Soundtrack","Gospel","Blues","Funk","EDM"}&",",","&SUBSTITUTE(SUBSTITUTE(SUBSTITUTE(TRIM($H15),"/",","),";",",")," ","")&",")))<>(LEN(SUBSTITUTE(SUBSTITUTE(SUBSTITUTE(TRIM($H15),"/",","),";",",")," ",""))-LEN(SUBSTITUTE(SUBSTITUTE(SUBSTITUTE(SUBSTITUTE(TRIM($H15),"/",","),";",",")," ",""),",",""))+1),"Genre di luar daftar",""))),IF($I15="","Nama Channel kosong",""),IF($J15="","Link Channel kosong",IF(ISERROR(SEARCH("youtu",$J15)),"Link Channel bukan youtube","")),IF($K15="","Link Video kosong",IF(ISERROR(SEARCH("youtu",$K15)),"Link Video bukan youtube","")),IF($L15="","Tgl Dibuat kosong",IF(NOT(ISNUMBER($L15)),"Tgl Dibuat bukan tanggal","")),IF(AND($M15<>"",NOT(ISNUMBER($M15))),"Tgl Publish bukan tanggal",""),IF(AND(ISNUMBER($L15),ISNUMBER($M15),$M15<$L15),"Tgl Publish < Tgl buat",""),IF(TRIM($N15)="","Status kosong",IF(ISERROR(MATCH(TRIM($N15),{"Draft","Menunggu Review","Revisi","Terjadwal","Upload","Publish","Published","Batal"},0)),"Status di luar daftar","")))),"")) | S15: =IF(AND($A15<>"",$C15<>""),IF(COUNTIFS($A$2:$A$1000,$A15,$C$2:$C$1000,$C15)>1,"DUPLICAT",""),"")
A16: PC 01 | F16: KNOT MY CHEST | G16: DistroKid | H16: Jazz | I16: MOONELLE | K16: https://youtu.be/zvyVbevsE3k?si=_ee8YEc2E327Xd-7 | P16: =IF(AND(ISNUMBER($L16),ISNUMBER($M16)),MAX(0,$M16-$L16),"") | Q16: =IF(ISNUMBER($D16),MAX(0,TODAY()-$D16),"") | R16: =IF(COUNTA($A16:$O16)=0,"",IFERROR(TRIM(TEXTJOIN(" | ",TRUE,IF($A16="","PC kosong",""),IF($C16="","Worker ID kosong",""),IF($D16="","Update Date kosong",IF(NOT(ISNUMBER($D16)),"Update Date bukan tanggal","")),IF($E16="","Song ID YT kosong",""),IF($F16="","Judul kosong",""),IF(TRIM($G16)="","",IF(ISERROR(MATCH(TRIM($G16),{"TuneCore","DistroKid","TooLost","SoundOn","Ditto","Believe","CD Baby","Amuse","Symphonic Distribution","ONErpm","RouteNote","LANDR","Horus Music","Indie"},0)),"Aggregator di luar daftar","")),IF(TRIM($H16)="","Genre kosong",IF((LEN(SUBSTITUTE(SUBSTITUTE(SUBSTITUTE(TRIM($H16),"/",","),";",",")," ",""))-LEN(SUBSTITUTE(SUBSTITUTE(SUBSTITUTE(SUBSTITUTE(TRIM($H16),"/",","),";",",")," ",""),",",""))+1)>2,"Genre maksimal 2",IF(SUMPRODUCT(--ISNUMBER(SEARCH(","&{"Pop","Jazz","Hip-Hop","Soul","Indie","Dangdut","Rock","R&B","Electronic","K-Pop","Nasional","Daerah","Alternative","Folk","Country","Metal","Reggae","Latin","Classical","Soundtrack","Gospel","Blues","Funk","EDM"}&",",","&SUBSTITUTE(SUBSTITUTE(SUBSTITUTE(TRIM($H16),"/",","),";",",")," ","")&",")))<>(LEN(SUBSTITUTE(SUBSTITUTE(SUBSTITUTE(TRIM($H16),"/",","),";",",")," ",""))-LEN(SUBSTITUTE(SUBSTITUTE(SUBSTITUTE(SUBSTITUTE(TRIM($H16),"/",","),";",",")," ",""),",",""))+1),"Genre di luar daftar",""))),IF($I16="","Nama Channel kosong",""),IF($J16="","Link Channel kosong",IF(ISERROR(SEARCH("youtu",$J16)),"Link Channel bukan youtube","")),IF($K16="","Link Video kosong",IF(ISERROR(SEARCH("youtu",$K16)),"Link Video bukan youtube","")),IF($L16="","Tgl Dibuat kosong",IF(NOT(ISNUMBER($L16)),"Tgl Dibuat bukan tanggal","")),IF(AND($M16<>"",NOT(ISNUMBER($M16))),"Tgl Publish bukan tanggal",""),IF(AND(ISNUMBER($L16),ISNUMBER($M16),$M16<$L16),"Tgl Publish < Tgl buat",""),IF(TRIM($N16)="","Status kosong",IF(ISERROR(MATCH(TRIM($N16),{"Draft","Menunggu Review","Revisi","Terjadwal","Upload","Publish","Published","Batal"},0)),"Status di luar daftar","")))),"")) | S16: =IF(AND($A16<>"",$C16<>""),IF(COUNTIFS($A$2:$A$1000,$A16,$C$2:$C$1000,$C16)>1,"DUPLICAT",""),"")
A17: PC 01 | F17: DEADLINE BREAKDOWN | G17: DistroKid | H17: Jazz | I17: MOONELLE | K17: https://youtu.be/zvyVbevsE3k?si=_ee8YEc2E327Xd-7 | P17: =IF(AND(ISNUMBER($L17),ISNUMBER($M17)),MAX(0,$M17-$L17),"") | Q17: =IF(ISNUMBER($D17),MAX(0,TODAY()-$D17),"") | R17: =IF(COUNTA($A17:$O17)=0,"",IFERROR(TRIM(TEXTJOIN(" | ",TRUE,IF($A17="","PC kosong",""),IF($C17="","Worker ID kosong",""),IF($D17="","Update Date kosong",IF(NOT(ISNUMBER($D17)),"Update Date bukan tanggal","")),IF($E17="","Song ID YT kosong",""),IF($F17="","Judul kosong",""),IF(TRIM($G17)="","",IF(ISERROR(MATCH(TRIM($G17),{"TuneCore","DistroKid","TooLost","SoundOn","Ditto","Believe","CD Baby","Amuse","Symphonic Distribution","ONErpm","RouteNote","LANDR","Horus Music","Indie"},0)),"Aggregator di luar daftar","")),IF(TRIM($H17)="","Genre kosong",IF((LEN(SUBSTITUTE(SUBSTITUTE(SUBSTITUTE(TRIM($H17),"/",","),";",",")," ",""))-LEN(SUBSTITUTE(SUBSTITUTE(SUBSTITUTE(SUBSTITUTE(TRIM($H17),"/",","),";",",")," ",""),",",""))+1)>2,"Genre maksimal 2",IF(SUMPRODUCT(--ISNUMBER(SEARCH(","&{"Pop","Jazz","Hip-Hop","Soul","Indie","Dangdut","Rock","R&B","Electronic","K-Pop","Nasional","Daerah","Alternative","Folk","Country","Metal","Reggae","Latin","Classical","Soundtrack","Gospel","Blues","Funk","EDM"}&",",","&SUBSTITUTE(SUBSTITUTE(SUBSTITUTE(TRIM($H17),"/",","),";",",")," ","")&",")))<>(LEN(SUBSTITUTE(SUBSTITUTE(SUBSTITUTE(TRIM($H17),"/",","),";",",")," ",""))-LEN(SUBSTITUTE(SUBSTITUTE(SUBSTITUTE(SUBSTITUTE(TRIM($H17),"/",","),";",",")," ",""),",",""))+1),"Genre di luar daftar",""))),IF($I17="","Nama Channel kosong",""),IF($J17="","Link Channel kosong",IF(ISERROR(SEARCH("youtu",$J17)),"Link Channel bukan youtube","")),IF($K17="","Link Video kosong",IF(ISERROR(SEARCH("youtu",$K17)),"Link Video bukan youtube","")),IF($L17="","Tgl Dibuat kosong",IF(NOT(ISNUMBER($L17)),"Tgl Dibuat bukan tanggal","")),IF(AND($M17<>"",NOT(ISNUMBER($M17))),"Tgl Publish bukan tanggal",""),IF(AND(ISNUMBER($L17),ISNUMBER($M17),$M17<$L17),"Tgl Publish < Tgl buat",""),IF(TRIM($N17)="","Status kosong",IF(ISERROR(MATCH(TRIM($N17),{"Draft","Menunggu Review","Revisi","Terjadwal","Upload","Publish","Published","Batal"},0)),"Status di luar daftar","")))),"")) | S17: =IF(AND($A17<>"",$C17<>""),IF(COUNTIFS($A$2:$A$1000,$A17,$C$2:$C$1000,$C17)>1,"DUPLICAT",""),"")
A18: PC 01 | F18: THE SHADOW OG HIS COAT | P18: =IF(AND(ISNUMBER($L18),ISNUMBER($M18)),MAX(0,$M18-$L18),"") | Q18: =IF(ISNUMBER($D18),MAX(0,TODAY()-$D18),"") | R18: =IF(COUNTA($A18:$O18)=0,"",IFERROR(TRIM(TEXTJOIN(" | ",TRUE,IF($A18="","PC kosong",""),IF($C18="","Worker ID kosong",""),IF($D18="","Update Date kosong",IF(NOT(ISNUMBER($D18)),"Update Date bukan tanggal","")),IF($E18="","Song ID YT kosong",""),IF($F18="","Judul kosong",""),IF(TRIM($G18)="","",IF(ISERROR(MATCH(TRIM($G18),{"TuneCore","DistroKid","TooLost","SoundOn","Ditto","Believe","CD Baby","Amuse","Symphonic Distribution","ONErpm","RouteNote","LANDR","Horus Music","Indie"},0)),"Aggregator di luar daftar","")),IF(TRIM($H18)="","Genre kosong",IF((LEN(SUBSTITUTE(SUBSTITUTE(SUBSTITUTE(TRIM($H18),"/",","),";",",")," ",""))-LEN(SUBSTITUTE(SUBSTITUTE(SUBSTITUTE(SUBSTITUTE(TRIM($H18),"/",","),";",",")," ",""),",",""))+1)>2,"Genre maksimal 2",IF(SUMPRODUCT(--ISNUMBER(SEARCH(","&{"Pop","Jazz","Hip-Hop","Soul","Indie","Dangdut","Rock","R&B","Electronic","K-Pop","Nasional","Daerah","Alternative","Folk","Country","Metal","Reggae","Latin","Classical","Soundtrack","Gospel","Blues","Funk","EDM"}&",",","&SUBSTITUTE(SUBSTITUTE(SUBSTITUTE(TRIM($H18),"/",","),";",",")," ","")&",")))<>(LEN(SUBSTITUTE(SUBSTITUTE(SUBSTITUTE(TRIM($H18),"/",","),";",",")," ",""))-LEN(SUBSTITUTE(SUBSTITUTE(SUBSTITUTE(SUBSTITUTE(TRIM($H18),"/",","),";",",")," ",""),",",""))+1),"Genre di luar daftar",""))),IF($I18="","Nama Channel kosong",""),IF($J18="","Link Channel kosong",IF(ISERROR(SEARCH("youtu",$J18)),"Link Channel bukan youtube","")),IF($K18="","Link Video kosong",IF(ISERROR(SEARCH("youtu",$K18)),"Link Video bukan youtube","")),IF($L18="","Tgl Dibuat kosong",IF(NOT(ISNUMBER($L18)),"Tgl Dibuat bukan tanggal","")),IF(AND($M18<>"",NOT(ISNUMBER($M18))),"Tgl Publish bukan tanggal",""),IF(AND(ISNUMBER($L18),ISNUMBER($M18),$M18<$L18),"Tgl Publish < Tgl buat",""),IF(TRIM($N18)="","Status kosong",IF(ISERROR(MATCH(TRIM($N18),{"Draft","Menunggu Review","Revisi","Terjadwal","Upload","Publish","Published","Batal"},0)),"Status di luar daftar","")))),"")) | S18: =IF(AND($A18<>"",$C18<>""),IF(COUNTIFS($A$2:$A$1000,$A18,$C$2:$C$1000,$C18)>1,"DUPLICAT",""),"")
A19: PC 01 | F19: SALTY BREEZE AND AZURE DREAMS | P19: =IF(AND(ISNUMBER($L19),ISNUMBER($M19)),MAX(0,$M19-$L19),"") | Q19: =IF(ISNUMBER($D19),MAX(0,TODAY()-$D19),"") | R19: =IF(COUNTA($A19:$O19)=0,"",IFERROR(TRIM(TEXTJOIN(" | ",TRUE,IF($A19="","PC kosong",""),IF($C19="","Worker ID kosong",""),IF($D19="","Update Date kosong",IF(NOT(ISNUMBER($D19)),"Update Date bukan tanggal","")),IF($E19="","Song ID YT kosong",""),IF($F19="","Judul kosong",""),IF(TRIM($G19)="","",IF(ISERROR(MATCH(TRIM($G19),{"TuneCore","DistroKid","TooLost","SoundOn","Ditto","Believe","CD Baby","Amuse","Symphonic Distribution","ONErpm","RouteNote","LANDR","Horus Music","Indie"},0)),"Aggregator di luar daftar","")),IF(TRIM($H19)="","Genre kosong",IF((LEN(SUBSTITUTE(SUBSTITUTE(SUBSTITUTE(TRIM($H19),"/",","),";",",")," ",""))-LEN(SUBSTITUTE(SUBSTITUTE(SUBSTITUTE(SUBSTITUTE(TRIM($H19),"/",","),";",",")," ",""),",",""))+1)>2,"Genre maksimal 2",IF(SUMPRODUCT(--ISNUMBER(SEARCH(","&{"Pop","Jazz","Hip-Hop","Soul","Indie","Dangdut","Rock","R&B","Electronic","K-Pop","Nasional","Daerah","Alternative","Folk","Country","Metal","Reggae","Latin","Classical","Soundtrack","Gospel","Blues","Funk","EDM"}&",",","&SUBSTITUTE(SUBSTITUTE(SUBSTITUTE(TRIM($H19),"/",","),";",",")," ","")&",")))<>(LEN(SUBSTITUTE(SUBSTITUTE(SUBSTITUTE(TRIM($H19),"/",","),";",",")," ",""))-LEN(SUBSTITUTE(SUBSTITUTE(SUBSTITUTE(SUBSTITUTE(TRIM($H19),"/",","),";",",")," ",""),",",""))+1),"Genre di luar daftar",""))),IF($I19="","Nama Channel kosong",""),IF($J19="","Link Channel kosong",IF(ISERROR(SEARCH("youtu",$J19)),"Link Channel bukan youtube","")),IF($K19="","Link Video kosong",IF(ISERROR(SEARCH("youtu",$K19)),"Link Video bukan youtube","")),IF($L19="","Tgl Dibuat kosong",IF(NOT(ISNUMBER($L19)),"Tgl Dibuat bukan tanggal","")),IF(AND($M19<>"",NOT(ISNUMBER($M19))),"Tgl Publish bukan tanggal",""),IF(AND(ISNUMBER($L19),ISNUMBER($M19),$M19<$L19),"Tgl Publish < Tgl buat",""),IF(TRIM($N19)="","Status kosong",IF(ISERROR(MATCH(TRIM($N19),{"Draft","Menunggu Review","Revisi","Terjadwal","Upload","Publish","Published","Batal"},0)),"Status di luar daftar","")))),"")) | S19: =IF(AND($A19<>"",$C19<>""),IF(COUNTIFS($A$2:$A$1000,$A19,$C$2:$C$1000,$C19)>1,"DUPLICAT",""),"")
A20: PC 01 | F20: SIDE BY SIDE | P20: =IF(AND(ISNUMBER($L20),ISNUMBER($M20)),MAX(0,$M20-$L20),"") | Q20: =IF(ISNUMBER($D20),MAX(0,TODAY()-$D20),"") | R20: =IF(COUNTA($A20:$O20)=0,"",IFERROR(TRIM(TEXTJOIN(" | ",TRUE,IF($A20="","PC kosong",""),IF($C20="","Worker ID kosong",""),IF($D20="","Update Date kosong",IF(NOT(ISNUMBER($D20)),"Update Date bukan tanggal","")),IF($E20="","Song ID YT kosong",""),IF($F20="","Judul kosong",""),IF(TRIM($G20)="","",IF(ISERROR(MATCH(TRIM($G20),{"TuneCore","DistroKid","TooLost","SoundOn","Ditto","Believe","CD Baby","Amuse","Symphonic Distribution","ONErpm","RouteNote","LANDR","Horus Music","Indie"},0)),"Aggregator di luar daftar","")),IF(TRIM($H20)="","Genre kosong",IF((LEN(SUBSTITUTE(SUBSTITUTE(SUBSTITUTE(TRIM($H20),"/",","),";",",")," ",""))-LEN(SUBSTITUTE(SUBSTITUTE(SUBSTITUTE(SUBSTITUTE(TRIM($H20),"/",","),";",",")," ",""),",",""))+1)>2,"Genre maksimal 2",IF(SUMPRODUCT(--ISNUMBER(SEARCH(","&{"Pop","Jazz","Hip-Hop","Soul","Indie","Dangdut","Rock","R&B","Electronic","K-Pop","Nasional","Daerah","Alternative","Folk","Country","Metal","Reggae","Latin","Classical","Soundtrack","Gospel","Blues","Funk","EDM"}&",",","&SUBSTITUTE(SUBSTITUTE(SUBSTITUTE(TRIM($H20),"/",","),";",",")," ","")&",")))<>(LEN(SUBSTITUTE(SUBSTITUTE(SUBSTITUTE(TRIM($H20),"/",","),";",",")," ",""))-LEN(SUBSTITUTE(SUBSTITUTE(SUBSTITUTE(SUBSTITUTE(TRIM($H20),"/",","),";",",")," ",""),",",""))+1),"Genre di luar daftar",""))),IF($I20="","Nama Channel kosong",""),IF($J20="","Link Channel kosong",IF(ISERROR(SEARCH("youtu",$J20)),"Link Channel bukan youtube","")),IF($K20="","Link Video kosong",IF(ISERROR(SEARCH("youtu",$K20)),"Link Video bukan youtube","")),IF($L20="","Tgl Dibuat kosong",IF(NOT(ISNUMBER($L20)),"Tgl Dibuat bukan tanggal","")),IF(AND($M20<>"",NOT(ISNUMBER($M20))),"Tgl Publish bukan tanggal",""),IF(AND(ISNUMBER($L20),ISNUMBER($M20),$M20<$L20),"Tgl Publish < Tgl buat",""),IF(TRIM($N20)="","Status kosong",IF(ISERROR(MATCH(TRIM($N20),{"Draft","Menunggu Review","Revisi","Terjadwal","Upload","Publish","Published","Batal"},0)),"Status di luar daftar","")))),"")) | S20: =IF(AND($A20<>"",$C20<>""),IF(COUNTIFS($A$2:$A$1000,$A20,$C$2:$C$1000,$C20)>1,"DUPLICAT",""),"")
A21: PC 01 | F21: CHASINGA FTER YOU | P21: =IF(AND(ISNUMBER($L21),ISNUMBER($M21)),MAX(0,$M21-$L21),"") | Q21: =IF(ISNUMBER($D21),MAX(0,TODAY()-$D21),"") | R21: =IF(COUNTA($A21:$O21)=0,"",IFERROR(TRIM(TEXTJOIN(" | ",TRUE,IF($A21="","PC kosong",""),IF($C21="","Worker ID kosong",""),IF($D21="","Update Date kosong",IF(NOT(ISNUMBER($D21)),"Update Date bukan tanggal","")),IF($E21="","Song ID YT kosong",""),IF($F21="","Judul kosong",""),IF(TRIM($G21)="","",IF(ISERROR(MATCH(TRIM($G21),{"TuneCore","DistroKid","TooLost","SoundOn","Ditto","Believe","CD Baby","Amuse","Symphonic Distribution","ONErpm","RouteNote","LANDR","Horus Music","Indie"},0)),"Aggregator di luar daftar","")),IF(TRIM($H21)="","Genre kosong",IF((LEN(SUBSTITUTE(SUBSTITUTE(SUBSTITUTE(TRIM($H21),"/",","),";",",")," ",""))-LEN(SUBSTITUTE(SUBSTITUTE(SUBSTITUTE(SUBSTITUTE(TRIM($H21),"/",","),";",",")," ",""),",",""))+1)>2,"Genre maksimal 2",IF(SUMPRODUCT(--ISNUMBER(SEARCH(","&{"Pop","Jazz","Hip-Hop","Soul","Indie","Dangdut","Rock","R&B","Electronic","K-Pop","Nasional","Daerah","Alternative","Folk","Country","Metal","Reggae","Latin","Classical","Soundtrack","Gospel","Blues","Funk","EDM"}&",",","&SUBSTITUTE(SUBSTITUTE(SUBSTITUTE(TRIM($H21),"/",","),";",",")," ","")&",")))<>(LEN(SUBSTITUTE(SUBSTITUTE(SUBSTITUTE(TRIM($H21),"/",","),";",",")," ",""))-LEN(SUBSTITUTE(SUBSTITUTE(SUBSTITUTE(SUBSTITUTE(TRIM($H21),"/",","),";",",")," ",""),",",""))+1),"Genre di luar daftar",""))),IF($I21="","Nama Channel kosong",""),IF($J21="","Link Channel kosong",IF(ISERROR(SEARCH("youtu",$J21)),"Link Channel bukan youtube","")),IF($K21="","Link Video kosong",IF(ISERROR(SEARCH("youtu",$K21)),"Link Video bukan youtube","")),IF($L21="","Tgl Dibuat kosong",IF(NOT(ISNUMBER($L21)),"Tgl Dibuat bukan tanggal","")),IF(AND($M21<>"",NOT(ISNUMBER($M21))),"Tgl Publish bukan tanggal",""),IF(AND(ISNUMBER($L21),ISNUMBER($M21),$M21<$L21),"Tgl Publish < Tgl buat",""),IF(TRIM($N21)="","Status kosong",IF(ISERROR(MATCH(TRIM($N21),{"Draft","Menunggu Review","Revisi","Terjadwal","Upload","Publish","Published","Batal"},0)),"Status di luar daftar","")))),"")) | S21: =IF(AND($A21<>"",$C21<>""),IF(COUNTIFS($A$2:$A$1000,$A21,$C$2:$C$1000,$C21)>1,"DUPLICAT",""),"")
A22: PC 09 | C22: PC18-0001 | D22: 46318 | E22: W18 -23102026-001 | F22: Borrowed Library Silence | G22: TuneCore | H22: Pop | I22: Kade Valen | J22: https://www.youtube.com/@KadeValen | K22: https://youtu.be/2jFFvQX0pNo?si=Wbs7qnbUcStGSg5i | L22: 46304 | M22: 46311 | N22: Published | P22: =IF(AND(ISNUMBER($L22),ISNUMBER($M22)),MAX(0,$M22-$L22),"") | Q22: =IF(ISNUMBER($D22),MAX(0,TODAY()-$D22),"") | R22: =IF(COUNTA($A22:$O22)=0,"",IFERROR(TRIM(TEXTJOIN(" | ",TRUE,IF($A22="","PC kosong",""),IF($C22="","Worker ID kosong",""),IF($D22="","Update Date kosong",IF(NOT(ISNUMBER($D22)),"Update Date bukan tanggal","")),IF($E22="","Song ID YT kosong",""),IF($F22="","Judul kosong",""),IF(TRIM($G22)="","",IF(ISERROR(MATCH(TRIM($G22),{"TuneCore","DistroKid","TooLost","SoundOn","Ditto","Believe","CD Baby","Amuse","Symphonic Distribution","ONErpm","RouteNote","LANDR","Horus Music","Indie"},0)),"Aggregator di luar daftar","")),IF(TRIM($H22)="","Genre kosong",IF((LEN(SUBSTITUTE(SUBSTITUTE(SUBSTITUTE(TRIM($H22),"/",","),";",",")," ",""))-LEN(SUBSTITUTE(SUBSTITUTE(SUBSTITUTE(SUBSTITUTE(TRIM($H22),"/",","),";",",")," ",""),",",""))+1)>2,"Genre maksimal 2",IF(SUMPRODUCT(--ISNUMBER(SEARCH(","&{"Pop","Jazz","Hip-Hop","Soul","Indie","Dangdut","Rock","R&B","Electronic","K-Pop","Nasional","Daerah","Alternative","Folk","Country","Metal","Reggae","Latin","Classical","Soundtrack","Gospel","Blues","Funk","EDM"}&",",","&SUBSTITUTE(SUBSTITUTE(SUBSTITUTE(TRIM($H22),"/",","),";",",")," ","")&",")))<>(LEN(SUBSTITUTE(SUBSTITUTE(SUBSTITUTE(TRIM($H22),"/",","),";",",")," ",""))-LEN(SUBSTITUTE(SUBSTITUTE(SUBSTITUTE(SUBSTITUTE(TRIM($H22),"/",","),";",",")," ",""),",",""))+1),"Genre di luar daftar",""))),IF($I22="","Nama Channel kosong",""),IF($J22="","Link Channel kosong",IF(ISERROR(SEARCH("youtu",$J22)),"Link Channel bukan youtube","")),IF($K22="","Link Video kosong",IF(ISERROR(SEARCH("youtu",$K22)),"Link Video bukan youtube","")),IF($L22="","Tgl Dibuat kosong",IF(NOT(ISNUMBER($L22)),"Tgl Dibuat bukan tanggal","")),IF(AND($M22<>"",NOT(ISNUMBER($M22))),"Tgl Publish bukan tanggal",""),IF(AND(ISNUMBER($L22),ISNUMBER($M22),$M22<$L22),"Tgl Publish < Tgl buat",""),IF(TRIM($N22)="","Status kosong",IF(ISERROR(MATCH(TRIM($N22),{"Draft","Menunggu Review","Revisi","Terjadwal","Upload","Publish","Published","Batal"},0)),"Status di luar daftar","")))),"")) | S22: =IF(AND($A22<>"",$C22<>""),IF(COUNTIFS($A$2:$A$1000,$A22,$C$2:$C$1000,$C22)>1,"DUPLICAT",""),"")
A23: PC 09 | C23: PC18-0002 | D23: 46318 | E23: W18 -23102026-002 | F23: An Apology from Next Tuesday | G23: TuneCore | H23: Pop | I23: Kade Valen | J23: https://www.youtube.com/@KadeValen | K23: https://youtu.be/dThJRAp80q4?si=eyncqnNYapdvYNvL | L23: 46304 | M23: 46314 | N23: Published | P23: =IF(AND(ISNUMBER($L23),ISNUMBER($M23)),MAX(0,$M23-$L23),"") | Q23: =IF(ISNUMBER($D23),MAX(0,TODAY()-$D23),"") | R23: =IF(COUNTA($A23:$O23)=0,"",IFERROR(TRIM(TEXTJOIN(" | ",TRUE,IF($A23="","PC kosong",""),IF($C23="","Worker ID kosong",""),IF($D23="","Update Date kosong",IF(NOT(ISNUMBER($D23)),"Update Date bukan tanggal","")),IF($E23="","Song ID YT kosong",""),IF($F23="","Judul kosong",""),IF(TRIM($G23)="","",IF(ISERROR(MATCH(TRIM($G23),{"TuneCore","DistroKid","TooLost","SoundOn","Ditto","Believe","CD Baby","Amuse","Symphonic Distribution","ONErpm","RouteNote","LANDR","Horus Music","Indie"},0)),"Aggregator di luar daftar","")),IF(TRIM($H23)="","Genre kosong",IF((LEN(SUBSTITUTE(SUBSTITUTE(SUBSTITUTE(TRIM($H23),"/",","),";",",")," ",""))-LEN(SUBSTITUTE(SUBSTITUTE(SUBSTITUTE(SUBSTITUTE(TRIM($H23),"/",","),";",",")," ",""),",",""))+1)>2,"Genre maksimal 2",IF(SUMPRODUCT(--ISNUMBER(SEARCH(","&{"Pop","Jazz","Hip-Hop","Soul","Indie","Dangdut","Rock","R&B","Electronic","K-Pop","Nasional","Daerah","Alternative","Folk","Country","Metal","Reggae","Latin","Classical","Soundtrack","Gospel","Blues","Funk","EDM"}&",",","&SUBSTITUTE(SUBSTITUTE(SUBSTITUTE(TRIM($H23),"/",","),";",",")," ","")&",")))<>(LEN(SUBSTITUTE(SUBSTITUTE(SUBSTITUTE(TRIM($H23),"/",","),";",",")," ",""))-LEN(SUBSTITUTE(SUBSTITUTE(SUBSTITUTE(SUBSTITUTE(TRIM($H23),"/",","),";",",")," ",""),",",""))+1),"Genre di luar daftar",""))),IF($I23="","Nama Channel kosong",""),IF($J23="","Link Channel kosong",IF(ISERROR(SEARCH("youtu",$J23)),"Link Channel bukan youtube","")),IF($K23="","Link Video kosong",IF(ISERROR(SEARCH("youtu",$K23)),"Link Video bukan youtube","")),IF($L23="","Tgl Dibuat kosong",IF(NOT(ISNUMBER($L23)),"Tgl Dibuat bukan tanggal","")),IF(AND($M23<>"",NOT(ISNUMBER($M23))),"Tgl Publish bukan tanggal",""),IF(AND(ISNUMBER($L23),ISNUMBER($M23),$M23<$L23),"Tgl Publish < Tgl buat",""),IF(TRIM($N23)="","Status kosong",IF(ISERROR(MATCH(TRIM($N23),{"Draft","Menunggu Review","Revisi","Terjadwal","Upload","Publish","Published","Batal"},0)),"Status di luar daftar","")))),"")) | S23: =IF(AND($A23<>"",$C23<>""),IF(COUNTIFS($A$2:$A$1000,$A23,$C$2:$C$1000,$C23)>1,"DUPLICAT",""),"")
A24: PC 09 | C24: PC18-0003 | D24: 46318 | E24: W18 -23102026-003 | F24: Honest Mistake | G24: TuneCore | H24: Pop | I24: Kade Valen | J24: https://www.youtube.com/@KadeValen | K24: https://youtu.be/8qZ9g0PENVU?si=bOOwn_UrvTb-IjZL | L24: 46304 | M24: 46314 | N24: Published | P24: =IF(AND(ISNUMBER($L24),ISNUMBER($M24)),MAX(0,$M24-$L24),"") | Q24: =IF(ISNUMBER($D24),MAX(0,TODAY()-$D24),"") | R24: =IF(COUNTA($A24:$O24)=0,"",IFERROR(TRIM(TEXTJOIN(" | ",TRUE,IF($A24="","PC kosong",""),IF($C24="","Worker ID kosong",""),IF($D24="","Update Date kosong",IF(NOT(ISNUMBER($D24)),"Update Date bukan tanggal","")),IF($E24="","Song ID YT kosong",""),IF($F24="","Judul kosong",""),IF(TRIM($G24)="","",IF(ISERROR(MATCH(TRIM($G24),{"TuneCore","DistroKid","TooLost","SoundOn","Ditto","Believe","CD Baby","Amuse","Symphonic Distribution","ONErpm","RouteNote","LANDR","Horus Music","Indie"},0)),"Aggregator di luar daftar","")),IF(TRIM($H24)="","Genre kosong",IF((LEN(SUBSTITUTE(SUBSTITUTE(SUBSTITUTE(TRIM($H24),"/",","),";",",")," ",""))-LEN(SUBSTITUTE(SUBSTITUTE(SUBSTITUTE(SUBSTITUTE(TRIM($H24),"/",","),";",",")," ",""),",",""))+1)>2,"Genre maksimal 2",IF(SUMPRODUCT(--ISNUMBER(SEARCH(","&{"Pop","Jazz","Hip-Hop","Soul","Indie","Dangdut","Rock","R&B","Electronic","K-Pop","Nasional","Daerah","Alternative","Folk","Country","Metal","Reggae","Latin","Classical","Soundtrack","Gospel","Blues","Funk","EDM"}&",",","&SUBSTITUTE(SUBSTITUTE(SUBSTITUTE(TRIM($H24),"/",","),";",",")," ","")&",")))<>(LEN(SUBSTITUTE(SUBSTITUTE(SUBSTITUTE(TRIM($H24),"/",","),";",",")," ",""))-LEN(SUBSTITUTE(SUBSTITUTE(SUBSTITUTE(SUBSTITUTE(TRIM($H24),"/",","),";",",")," ",""),",",""))+1),"Genre di luar daftar",""))),IF($I24="","Nama Channel kosong",""),IF($J24="","Link Channel kosong",IF(ISERROR(SEARCH("youtu",$J24)),"Link Channel bukan youtube","")),IF($K24="","Link Video kosong",IF(ISERROR(SEARCH("youtu",$K24)),"Link Video bukan youtube","")),IF($L24="","Tgl Dibuat kosong",IF(NOT(ISNUMBER($L24)),"Tgl Dibuat bukan tanggal","")),IF(AND($M24<>"",NOT(ISNUMBER($M24))),"Tgl Publish bukan tanggal",""),IF(AND(ISNUMBER($L24),ISNUMBER($M24),$M24<$L24),"Tgl Publish < Tgl buat",""),IF(TRIM($N24)="","Status kosong",IF(ISERROR(MATCH(TRIM($N24),{"Draft","Menunggu Review","Revisi","Terjadwal","Upload","Publish","Published","Batal"},0)),"Status di luar daftar","")))),"")) | S24: =IF(AND($A24<>"",$C24<>""),IF(COUNTIFS($A$2:$A$1000,$A24,$C$2:$C$1000,$C24)>1,"DUPLICAT",""),"")
A25: PC 09 | C25: PC18-0004 | D25: 46318 | E25: W18 -23102026-004 | F25: Common Ground | G25: TuneCore | H25: Pop | I25: Kade Valen | J25: https://www.youtube.com/@KadeValen | K25: https://youtu.be/uFvUzYAzGv4?si=96iq0yXAxXWXRbcK | L25: 46304 | M25: 46314 | N25: Published | P25: =IF(AND(ISNUMBER($L25),ISNUMBER($M25)),MAX(0,$M25-$L25),"") | Q25: =IF(ISNUMBER($D25),MAX(0,TODAY()-$D25),"") | R25: =IF(COUNTA($A25:$O25)=0,"",IFERROR(TRIM(TEXTJOIN(" | ",TRUE,IF($A25="","PC kosong",""),IF($C25="","Worker ID kosong",""),IF($D25="","Update Date kosong",IF(NOT(ISNUMBER($D25)),"Update Date bukan tanggal","")),IF($E25="","Song ID YT kosong",""),IF($F25="","Judul kosong",""),IF(TRIM($G25)="","",IF(ISERROR(MATCH(TRIM($G25),{"TuneCore","DistroKid","TooLost","SoundOn","Ditto","Believe","CD Baby","Amuse","Symphonic Distribution","ONErpm","RouteNote","LANDR","Horus Music","Indie"},0)),"Aggregator di luar daftar","")),IF(TRIM($H25)="","Genre kosong",IF((LEN(SUBSTITUTE(SUBSTITUTE(SUBSTITUTE(TRIM($H25),"/",","),";",",")," ",""))-LEN(SUBSTITUTE(SUBSTITUTE(SUBSTITUTE(SUBSTITUTE(TRIM($H25),"/",","),";",",")," ",""),",",""))+1)>2,"Genre maksimal 2",IF(SUMPRODUCT(--ISNUMBER(SEARCH(","&{"Pop","Jazz","Hip-Hop","Soul","Indie","Dangdut","Rock","R&B","Electronic","K-Pop","Nasional","Daerah","Alternative","Folk","Country","Metal","Reggae","Latin","Classical","Soundtrack","Gospel","Blues","Funk","EDM"}&",",","&SUBSTITUTE(SUBSTITUTE(SUBSTITUTE(TRIM($H25),"/",","),";",",")," ","")&",")))<>(LEN(SUBSTITUTE(SUBSTITUTE(SUBSTITUTE(TRIM($H25),"/",","),";",",")," ",""))-LEN(SUBSTITUTE(SUBSTITUTE(SUBSTITUTE(SUBSTITUTE(TRIM($H25),"/",","),";",",")," ",""),",",""))+1),"Genre di luar daftar",""))),IF($I25="","Nama Channel kosong",""),IF($J25="","Link Channel kosong",IF(ISERROR(SEARCH("youtu",$J25)),"Link Channel bukan youtube","")),IF($K25="","Link Video kosong",IF(ISERROR(SEARCH("youtu",$K25)),"Link Video bukan youtube","")),IF($L25="","Tgl Dibuat kosong",IF(NOT(ISNUMBER($L25)),"Tgl Dibuat bukan tanggal","")),IF(AND($M25<>"",NOT(ISNUMBER($M25))),"Tgl Publish bukan tanggal",""),IF(AND(ISNUMBER($L25),ISNUMBER($M25),$M25<$L25),"Tgl Publish < Tgl buat",""),IF(TRIM($N25)="","Status kosong",IF(ISERROR(MATCH(TRIM($N25),{"Draft","Menunggu Review","Revisi","Terjadwal","Upload","Publish","Published","Batal"},0)),"Status di luar daftar","")))),"")) | S25: =IF(AND($A25<>"",$C25<>""),IF(COUNTIFS($A$2:$A$1000,$A25,$C$2:$C$1000,$C25)>1,"DUPLICAT",""),"")
A26: PC 09 | C26: PC18-0005 | D26: 46318 | E26: W18 -23102026-005 | F26: Gravity Well | G26: TuneCore | H26: Pop | I26: Kade Valen | J26: https://www.youtube.com/@KadeValen | K26: https://youtu.be/x8ox5nPhrP4?si=lBvl3FPxmRjrMc1l | L26: 46304 | M26: 46314 | N26: Published | P26: =IF(AND(ISNUMBER($L26),ISNUMBER($M26)),MAX(0,$M26-$L26),"") | Q26: =IF(ISNUMBER($D26),MAX(0,TODAY()-$D26),"") | R26: =IF(COUNTA($A26:$O26)=0,"",IFERROR(TRIM(TEXTJOIN(" | ",TRUE,IF($A26="","PC kosong",""),IF($C26="","Worker ID kosong",""),IF($D26="","Update Date kosong",IF(NOT(ISNUMBER($D26)),"Update Date bukan tanggal","")),IF($E26="","Song ID YT kosong",""),IF($F26="","Judul kosong",""),IF(TRIM($G26)="","",IF(ISERROR(MATCH(TRIM($G26),{"TuneCore","DistroKid","TooLost","SoundOn","Ditto","Believe","CD Baby","Amuse","Symphonic Distribution","ONErpm","RouteNote","LANDR","Horus Music","Indie"},0)),"Aggregator di luar daftar","")),IF(TRIM($H26)="","Genre kosong",IF((LEN(SUBSTITUTE(SUBSTITUTE(SUBSTITUTE(TRIM($H26),"/",","),";",",")," ",""))-LEN(SUBSTITUTE(SUBSTITUTE(SUBSTITUTE(SUBSTITUTE(TRIM($H26),"/",","),";",",")," ",""),",",""))+1)>2,"Genre maksimal 2",IF(SUMPRODUCT(--ISNUMBER(SEARCH(","&{"Pop","Jazz","Hip-Hop","Soul","Indie","Dangdut","Rock","R&B","Electronic","K-Pop","Nasional","Daerah","Alternative","Folk","Country","Metal","Reggae","Latin","Classical","Soundtrack","Gospel","Blues","Funk","EDM"}&",",","&SUBSTITUTE(SUBSTITUTE(SUBSTITUTE(TRIM($H26),"/",","),";",",")," ","")&",")))<>(LEN(SUBSTITUTE(SUBSTITUTE(SUBSTITUTE(TRIM($H26),"/",","),";",",")," ",""))-LEN(SUBSTITUTE(SUBSTITUTE(SUBSTITUTE(SUBSTITUTE(TRIM($H26),"/",","),";",",")," ",""),",",""))+1),"Genre di luar daftar",""))),IF($I26="","Nama Channel kosong",""),IF($J26="","Link Channel kosong",IF(ISERROR(SEARCH("youtu",$J26)),"Link Channel bukan youtube","")),IF($K26="","Link Video kosong",IF(ISERROR(SEARCH("youtu",$K26)),"Link Video bukan youtube","")),IF($L26="","Tgl Dibuat kosong",IF(NOT(ISNUMBER($L26)),"Tgl Dibuat bukan tanggal","")),IF(AND($M26<>"",NOT(ISNUMBER($M26))),"Tgl Publish bukan tanggal",""),IF(AND(ISNUMBER($L26),ISNUMBER($M26),$M26<$L26),"Tgl Publish < Tgl buat",""),IF(TRIM($N26)="","Status kosong",IF(ISERROR(MATCH(TRIM($N26),{"Draft","Menunggu Review","Revisi","Terjadwal","Upload","Publish","Published","Batal"},0)),"Status di luar daftar","")))),"")) | S26: =IF(AND($A26<>"",$C26<>""),IF(COUNTIFS($A$2:$A$1000,$A26,$C$2:$C$1000,$C26)>1,"DUPLICAT",""),"")
A27: PC 09 | C27: PC18-0006 | D27: 46318 | E27: W18 -23102026-006 | F27: Right of Way | G27: TuneCore | H27: Pop | I27: Kade Valen | J27: https://www.youtube.com/@KadeValen | K27: https://youtu.be/oAfSK_ToUw4?si=bKjD_2PvqR7rdWQB | L27: 46304 | M27: 46315 | N27: Published | P27: =IF(AND(ISNUMBER($L27),ISNUMBER($M27)),MAX(0,$M27-$L27),"") | Q27: =IF(ISNUMBER($D27),MAX(0,TODAY()-$D27),"") | R27: =IF(COUNTA($A27:$O27)=0,"",IFERROR(TRIM(TEXTJOIN(" | ",TRUE,IF($A27="","PC kosong",""),IF($C27="","Worker ID kosong",""),IF($D27="","Update Date kosong",IF(NOT(ISNUMBER($D27)),"Update Date bukan tanggal","")),IF($E27="","Song ID YT kosong",""),IF($F27="","Judul kosong",""),IF(TRIM($G27)="","",IF(ISERROR(MATCH(TRIM($G27),{"TuneCore","DistroKid","TooLost","SoundOn","Ditto","Believe","CD Baby","Amuse","Symphonic Distribution","ONErpm","RouteNote","LANDR","Horus Music","Indie"},0)),"Aggregator di luar daftar","")),IF(TRIM($H27)="","Genre kosong",IF((LEN(SUBSTITUTE(SUBSTITUTE(SUBSTITUTE(TRIM($H27),"/",","),";",",")," ",""))-LEN(SUBSTITUTE(SUBSTITUTE(SUBSTITUTE(SUBSTITUTE(TRIM($H27),"/",","),";",",")," ",""),",",""))+1)>2,"Genre maksimal 2",IF(SUMPRODUCT(--ISNUMBER(SEARCH(","&{"Pop","Jazz","Hip-Hop","Soul","Indie","Dangdut","Rock","R&B","Electronic","K-Pop","Nasional","Daerah","Alternative","Folk","Country","Metal","Reggae","Latin","Classical","Soundtrack","Gospel","Blues","Funk","EDM"}&",",","&SUBSTITUTE(SUBSTITUTE(SUBSTITUTE(TRIM($H27),"/",","),";",",")," ","")&",")))<>(LEN(SUBSTITUTE(SUBSTITUTE(SUBSTITUTE(TRIM($H27),"/",","),";",",")," ",""))-LEN(SUBSTITUTE(SUBSTITUTE(SUBSTITUTE(SUBSTITUTE(TRIM($H27),"/",","),";",",")," ",""),",",""))+1),"Genre di luar daftar",""))),IF($I27="","Nama Channel kosong",""),IF($J27="","Link Channel kosong",IF(ISERROR(SEARCH("youtu",$J27)),"Link Channel bukan youtube","")),IF($K27="","Link Video kosong",IF(ISERROR(SEARCH("youtu",$K27)),"Link Video bukan youtube","")),IF($L27="","Tgl Dibuat kosong",IF(NOT(ISNUMBER($L27)),"Tgl Dibuat bukan tanggal","")),IF(AND($M27<>"",NOT(ISNUMBER($M27))),"Tgl Publish bukan tanggal",""),IF(AND(ISNUMBER($L27),ISNUMBER($M27),$M27<$L27),"Tgl Publish < Tgl buat",""),IF(TRIM($N27)="","Status kosong",IF(ISERROR(MATCH(TRIM($N27),{"Draft","Menunggu Review","Revisi","Terjadwal","Upload","Publish","Published","Batal"},0)),"Status di luar daftar","")))),"")) | S27: =IF(AND($A27<>"",$C27<>""),IF(COUNTIFS($A$2:$A$1000,$A27,$C$2:$C$1000,$C27)>1,"DUPLICAT",""),"")
A28: PC 09 | C28: PC18-0007 | D28: 46318 | E28: W18 -23102026-007 | F28: Magnetic Field | G28: TuneCore | H28: Pop | I28: Kade Valen | J28: https://www.youtube.com/@KadeValen | K28: https://youtu.be/6ANvV0_KhNE?si=PD-VrK7Cw2YAkfqF | L28: 46304 | M28: 46315 | N28: Published | P28: =IF(AND(ISNUMBER($L28),ISNUMBER($M28)),MAX(0,$M28-$L28),"") | Q28: =IF(ISNUMBER($D28),MAX(0,TODAY()-$D28),"") | R28: =IF(COUNTA($A28:$O28)=0,"",IFERROR(TRIM(TEXTJOIN(" | ",TRUE,IF($A28="","PC kosong",""),IF($C28="","Worker ID kosong",""),IF($D28="","Update Date kosong",IF(NOT(ISNUMBER($D28)),"Update Date bukan tanggal","")),IF($E28="","Song ID YT kosong",""),IF($F28="","Judul kosong",""),IF(TRIM($G28)="","",IF(ISERROR(MATCH(TRIM($G28),{"TuneCore","DistroKid","TooLost","SoundOn","Ditto","Believe","CD Baby","Amuse","Symphonic Distribution","ONErpm","RouteNote","LANDR","Horus Music","Indie"},0)),"Aggregator di luar daftar","")),IF(TRIM($H28)="","Genre kosong",IF((LEN(SUBSTITUTE(SUBSTITUTE(SUBSTITUTE(TRIM($H28),"/",","),";",",")," ",""))-LEN(SUBSTITUTE(SUBSTITUTE(SUBSTITUTE(SUBSTITUTE(TRIM($H28),"/",","),";",",")," ",""),",",""))+1)>2,"Genre maksimal 2",IF(SUMPRODUCT(--ISNUMBER(SEARCH(","&{"Pop","Jazz","Hip-Hop","Soul","Indie","Dangdut","Rock","R&B","Electronic","K-Pop","Nasional","Daerah","Alternative","Folk","Country","Metal","Reggae","Latin","Classical","Soundtrack","Gospel","Blues","Funk","EDM"}&",",","&SUBSTITUTE(SUBSTITUTE(SUBSTITUTE(TRIM($H28),"/",","),";",",")," ","")&",")))<>(LEN(SUBSTITUTE(SUBSTITUTE(SUBSTITUTE(TRIM($H28),"/",","),";",",")," ",""))-LEN(SUBSTITUTE(SUBSTITUTE(SUBSTITUTE(SUBSTITUTE(TRIM($H28),"/",","),";",",")," ",""),",",""))+1),"Genre di luar daftar",""))),IF($I28="","Nama Channel kosong",""),IF($J28="","Link Channel kosong",IF(ISERROR(SEARCH("youtu",$J28)),"Link Channel bukan youtube","")),IF($K28="","Link Video kosong",IF(ISERROR(SEARCH("youtu",$K28)),"Link Video bukan youtube","")),IF($L28="","Tgl Dibuat kosong",IF(NOT(ISNUMBER($L28)),"Tgl Dibuat bukan tanggal","")),IF(AND($M28<>"",NOT(ISNUMBER($M28))),"Tgl Publish bukan tanggal",""),IF(AND(ISNUMBER($L28),ISNUMBER($M28),$M28<$L28),"Tgl Publish < Tgl buat",""),IF(TRIM($N28)="","Status kosong",IF(ISERROR(MATCH(TRIM($N28),{"Draft","Menunggu Review","Revisi","Terjadwal","Upload","Publish","Published","Batal"},0)),"Status di luar daftar","")))),"")) | S28: =IF(AND($A28<>"",$C28<>""),IF(COUNTIFS($A$2:$A$1000,$A28,$C$2:$C$1000,$C28)>1,"DUPLICAT",""),"")
A29: PC 09 | C29: PC18-0008 | D29: 46318 | E29: W18 -23102026-008 | F29: Headwind | G29: TuneCore | H29: Pop | I29: Kade Valen | J29: https://www.youtube.com/@KadeValen | K29: https://youtu.be/Oyi7mUFtaQQ?si=jkq7H3dE_qo0K3X8 | L29: 46304 | M29: 46315 | N29: Published | P29: =IF(AND(ISNUMBER($L29),ISNUMBER($M29)),MAX(0,$M29-$L29),"") | Q29: =IF(ISNUMBER($D29),MAX(0,TODAY()-$D29),"") | R29: =IF(COUNTA($A29:$O29)=0,"",IFERROR(TRIM(TEXTJOIN(" | ",TRUE,IF($A29="","PC kosong",""),IF($C29="","Worker ID kosong",""),IF($D29="","Update Date kosong",IF(NOT(ISNUMBER($D29)),"Update Date bukan tanggal","")),IF($E29="","Song ID YT kosong",""),IF($F29="","Judul kosong",""),IF(TRIM($G29)="","",IF(ISERROR(MATCH(TRIM($G29),{"TuneCore","DistroKid","TooLost","SoundOn","Ditto","Believe","CD Baby","Amuse","Symphonic Distribution","ONErpm","RouteNote","LANDR","Horus Music","Indie"},0)),"Aggregator di luar daftar","")),IF(TRIM($H29)="","Genre kosong",IF((LEN(SUBSTITUTE(SUBSTITUTE(SUBSTITUTE(TRIM($H29),"/",","),";",",")," ",""))-LEN(SUBSTITUTE(SUBSTITUTE(SUBSTITUTE(SUBSTITUTE(TRIM($H29),"/",","),";",",")," ",""),",",""))+1)>2,"Genre maksimal 2",IF(SUMPRODUCT(--ISNUMBER(SEARCH(","&{"Pop","Jazz","Hip-Hop","Soul","Indie","Dangdut","Rock","R&B","Electronic","K-Pop","Nasional","Daerah","Alternative","Folk","Country","Metal","Reggae","Latin","Classical","Soundtrack","Gospel","Blues","Funk","EDM"}&",",","&SUBSTITUTE(SUBSTITUTE(SUBSTITUTE(TRIM($H29),"/",","),";",",")," ","")&",")))<>(LEN(SUBSTITUTE(SUBSTITUTE(SUBSTITUTE(TRIM($H29),"/",","),";",",")," ",""))-LEN(SUBSTITUTE(SUBSTITUTE(SUBSTITUTE(SUBSTITUTE(TRIM($H29),"/",","),";",",")," ",""),",",""))+1),"Genre di luar daftar",""))),IF($I29="","Nama Channel kosong",""),IF($J29="","Link Channel kosong",IF(ISERROR(SEARCH("youtu",$J29)),"Link Channel bukan youtube","")),IF($K29="","Link Video kosong",IF(ISERROR(SEARCH("youtu",$K29)),"Link Video bukan youtube","")),IF($L29="","Tgl Dibuat kosong",IF(NOT(ISNUMBER($L29)),"Tgl Dibuat bukan tanggal","")),IF(AND($M29<>"",NOT(ISNUMBER($M29))),"Tgl Publish bukan tanggal",""),IF(AND(ISNUMBER($L29),ISNUMBER($M29),$M29<$L29),"Tgl Publish < Tgl buat",""),IF(TRIM($N29)="","Status kosong",IF(ISERROR(MATCH(TRIM($N29),{"Draft","Menunggu Review","Revisi","Terjadwal","Upload","Publish","Published","Batal"},0)),"Status di luar daftar","")))),"")) | S29: =IF(AND($A29<>"",$C29<>""),IF(COUNTIFS($A$2:$A$1000,$A29,$C$2:$C$1000,$C29)>1,"DUPLICAT",""),"")
A30: PC 09 | C30: PC18-0009 | D30: 46318 | E30: W18 -23102026-009 | F30: Seed Bank | G30: TuneCore | H30: Pop | I30: Kade Valen | J30: https://www.youtube.com/@KadeValen | K30: https://youtu.be/uJH1V6L8mLw?si=TUZG9aIBg7b_eb78 | L30: 46304 | M30: 46315 | N30: Published | P30: =IF(AND(ISNUMBER($L30),ISNUMBER($M30)),MAX(0,$M30-$L30),"") | Q30: =IF(ISNUMBER($D30),MAX(0,TODAY()-$D30),"") | R30: =IF(COUNTA($A30:$O30)=0,"",IFERROR(TRIM(TEXTJOIN(" | ",TRUE,IF($A30="","PC kosong",""),IF($C30="","Worker ID kosong",""),IF($D30="","Update Date kosong",IF(NOT(ISNUMBER($D30)),"Update Date bukan tanggal","")),IF($E30="","Song ID YT kosong",""),IF($F30="","Judul kosong",""),IF(TRIM($G30)="","",IF(ISERROR(MATCH(TRIM($G30),{"TuneCore","DistroKid","TooLost","SoundOn","Ditto","Believe","CD Baby","Amuse","Symphonic Distribution","ONErpm","RouteNote","LANDR","Horus Music","Indie"},0)),"Aggregator di luar daftar","")),IF(TRIM($H30)="","Genre kosong",IF((LEN(SUBSTITUTE(SUBSTITUTE(SUBSTITUTE(TRIM($H30),"/",","),";",",")," ",""))-LEN(SUBSTITUTE(SUBSTITUTE(SUBSTITUTE(SUBSTITUTE(TRIM($H30),"/",","),";",",")," ",""),",",""))+1)>2,"Genre maksimal 2",IF(SUMPRODUCT(--ISNUMBER(SEARCH(","&{"Pop","Jazz","Hip-Hop","Soul","Indie","Dangdut","Rock","R&B","Electronic","K-Pop","Nasional","Daerah","Alternative","Folk","Country","Metal","Reggae","Latin","Classical","Soundtrack","Gospel","Blues","Funk","EDM"}&",",","&SUBSTITUTE(SUBSTITUTE(SUBSTITUTE(TRIM($H30),"/",","),";",",")," ","")&",")))<>(LEN(SUBSTITUTE(SUBSTITUTE(SUBSTITUTE(TRIM($H30),"/",","),";",",")," ",""))-LEN(SUBSTITUTE(SUBSTITUTE(SUBSTITUTE(SUBSTITUTE(TRIM($H30),"/",","),";",",")," ",""),",",""))+1),"Genre di luar daftar",""))),IF($I30="","Nama Channel kosong",""),IF($J30="","Link Channel kosong",IF(ISERROR(SEARCH("youtu",$J30)),"Link Channel bukan youtube","")),IF($K30="","Link Video kosong",IF(ISERROR(SEARCH("youtu",$K30)),"Link Video bukan youtube","")),IF($L30="","Tgl Dibuat kosong",IF(NOT(ISNUMBER($L30)),"Tgl Dibuat bukan tanggal","")),IF(AND($M30<>"",NOT(ISNUMBER($M30))),"Tgl Publish bukan tanggal",""),IF(AND(ISNUMBER($L30),ISNUMBER($M30),$M30<$L30),"Tgl Publish < Tgl buat",""),IF(TRIM($N30)="","Status kosong",IF(ISERROR(MATCH(TRIM($N30),{"Draft","Menunggu Review","Revisi","Terjadwal","Upload","Publish","Published","Batal"},0)),"Status di luar daftar","")))),"")) | S30: =IF(AND($A30<>"",$C30<>""),IF(COUNTIFS($A$2:$A$1000,$A30,$C$2:$C$1000,$C30)>1,"DUPLICAT",""),"")
A31: PC 09 | C31: PC18-0010 | D31: 46318 | E31: W18 -23102026-010 | F31: Pergola | G31: TuneCore | H31: Pop | I31: Kade Valen | J31: https://www.youtube.com/@KadeValen | K31: https://youtu.be/KMboLJ1TqKs?si=84_voqFwOPiYpCKV | L31: 46304 | M31: 46315 | N31: Published | P31: =IF(AND(ISNUMBER($L31),ISNUMBER($M31)),MAX(0,$M31-$L31),"") | Q31: =IF(ISNUMBER($D31),MAX(0,TODAY()-$D31),"") | R31: =IF(COUNTA($A31:$O31)=0,"",IFERROR(TRIM(TEXTJOIN(" | ",TRUE,IF($A31="","PC kosong",""),IF($C31="","Worker ID kosong",""),IF($D31="","Update Date kosong",IF(NOT(ISNUMBER($D31)),"Update Date bukan tanggal","")),IF($E31="","Song ID YT kosong",""),IF($F31="","Judul kosong",""),IF(TRIM($G31)="","",IF(ISERROR(MATCH(TRIM($G31),{"TuneCore","DistroKid","TooLost","SoundOn","Ditto","Believe","CD Baby","Amuse","Symphonic Distribution","ONErpm","RouteNote","LANDR","Horus Music","Indie"},0)),"Aggregator di luar daftar","")),IF(TRIM($H31)="","Genre kosong",IF((LEN(SUBSTITUTE(SUBSTITUTE(SUBSTITUTE(TRIM($H31),"/",","),";",",")," ",""))-LEN(SUBSTITUTE(SUBSTITUTE(SUBSTITUTE(SUBSTITUTE(TRIM($H31),"/",","),";",",")," ",""),",",""))+1)>2,"Genre maksimal 2",IF(SUMPRODUCT(--ISNUMBER(SEARCH(","&{"Pop","Jazz","Hip-Hop","Soul","Indie","Dangdut","Rock","R&B","Electronic","K-Pop","Nasional","Daerah","Alternative","Folk","Country","Metal","Reggae","Latin","Classical","Soundtrack","Gospel","Blues","Funk","EDM"}&",",","&SUBSTITUTE(SUBSTITUTE(SUBSTITUTE(TRIM($H31),"/",","),";",",")," ","")&",")))<>(LEN(SUBSTITUTE(SUBSTITUTE(SUBSTITUTE(TRIM($H31),"/",","),";",",")," ",""))-LEN(SUBSTITUTE(SUBSTITUTE(SUBSTITUTE(SUBSTITUTE(TRIM($H31),"/",","),";",",")," ",""),",",""))+1),"Genre di luar daftar",""))),IF($I31="","Nama Channel kosong",""),IF($J31="","Link Channel kosong",IF(ISERROR(SEARCH("youtu",$J31)),"Link Channel bukan youtube","")),IF($K31="","Link Video kosong",IF(ISERROR(SEARCH("youtu",$K31)),"Link Video bukan youtube","")),IF($L31="","Tgl Dibuat kosong",IF(NOT(ISNUMBER($L31)),"Tgl Dibuat bukan tanggal","")),IF(AND($M31<>"",NOT(ISNUMBER($M31))),"Tgl Publish bukan tanggal",""),IF(AND(ISNUMBER($L31),ISNUMBER($M31),$M31<$L31),"Tgl Publish < Tgl buat",""),IF(TRIM($N31)="","Status kosong",IF(ISERROR(MATCH(TRIM($N31),{"Draft","Menunggu Review","Revisi","Terjadwal","Upload","Publish","Published","Batal"},0)),"Status di luar daftar","")))),"")) | S31: =IF(AND($A31<>"",$C31<>""),IF(COUNTIFS($A$2:$A$1000,$A31,$C$2:$C$1000,$C31)>1,"DUPLICAT",""),"")
A32: PC 09 | C32: PC18-0011 | D32: 46318 | E32: W18 -23102026-011 | F32: Static Screen Goodnight | G32: TuneCore | H32: Pop | I32: Kade Valen | J32: https://www.youtube.com/@KadeValen | K32: https://youtu.be/16WKdck3od4?si=JNOz9TiAA07BCLX3 | L32: 46304 | M32: 46316 | N32: Published | P32: =IF(AND(ISNUMBER($L32),ISNUMBER($M32)),MAX(0,$M32-$L32),"") | Q32: =IF(ISNUMBER($D32),MAX(0,TODAY()-$D32),"") | R32: =IF(COUNTA($A32:$O32)=0,"",IFERROR(TRIM(TEXTJOIN(" | ",TRUE,IF($A32="","PC kosong",""),IF($C32="","Worker ID kosong",""),IF($D32="","Update Date kosong",IF(NOT(ISNUMBER($D32)),"Update Date bukan tanggal","")),IF($E32="","Song ID YT kosong",""),IF($F32="","Judul kosong",""),IF(TRIM($G32)="","",IF(ISERROR(MATCH(TRIM($G32),{"TuneCore","DistroKid","TooLost","SoundOn","Ditto","Believe","CD Baby","Amuse","Symphonic Distribution","ONErpm","RouteNote","LANDR","Horus Music","Indie"},0)),"Aggregator di luar daftar","")),IF(TRIM($H32)="","Genre kosong",IF((LEN(SUBSTITUTE(SUBSTITUTE(SUBSTITUTE(TRIM($H32),"/",","),";",",")," ",""))-LEN(SUBSTITUTE(SUBSTITUTE(SUBSTITUTE(SUBSTITUTE(TRIM($H32),"/",","),";",",")," ",""),",",""))+1)>2,"Genre maksimal 2",IF(SUMPRODUCT(--ISNUMBER(SEARCH(","&{"Pop","Jazz","Hip-Hop","Soul","Indie","Dangdut","Rock","R&B","Electronic","K-Pop","Nasional","Daerah","Alternative","Folk","Country","Metal","Reggae","Latin","Classical","Soundtrack","Gospel","Blues","Funk","EDM"}&",",","&SUBSTITUTE(SUBSTITUTE(SUBSTITUTE(TRIM($H32),"/",","),";",",")," ","")&",")))<>(LEN(SUBSTITUTE(SUBSTITUTE(SUBSTITUTE(TRIM($H32),"/",","),";",",")," ",""))-LEN(SUBSTITUTE(SUBSTITUTE(SUBSTITUTE(SUBSTITUTE(TRIM($H32),"/",","),";",",")," ",""),",",""))+1),"Genre di luar daftar",""))),IF($I32="","Nama Channel kosong",""),IF($J32="","Link Channel kosong",IF(ISERROR(SEARCH("youtu",$J32)),"Link Channel bukan youtube","")),IF($K32="","Link Video kosong",IF(ISERROR(SEARCH("youtu",$K32)),"Link Video bukan youtube","")),IF($L32="","Tgl Dibuat kosong",IF(NOT(ISNUMBER($L32)),"Tgl Dibuat bukan tanggal","")),IF(AND($M32<>"",NOT(ISNUMBER($M32))),"Tgl Publish bukan tanggal",""),IF(AND(ISNUMBER($L32),ISNUMBER($M32),$M32<$L32),"Tgl Publish < Tgl buat",""),IF(TRIM($N32)="","Status kosong",IF(ISERROR(MATCH(TRIM($N32),{"Draft","Menunggu Review","Revisi","Terjadwal","Upload","Publish","Published","Batal"},0)),"Status di luar daftar","")))),"")) | S32: =IF(AND($A32<>"",$C32<>""),IF(COUNTIFS($A$2:$A$1000,$A32,$C$2:$C$1000,$C32)>1,"DUPLICAT",""),"")
A33: PC 09 | C33: PC18-0012 | D33: 46318 | E33: W18 -23102026-012 | F33: Sized Constellations | G33: TuneCore | H33: Pop | I33: Kade Valen | J33: https://www.youtube.com/@KadeValen | K33: https://youtu.be/_Ivq2u047GY?si=2qDaFM7sORWVEpsw | L33: 46305 | M33: 46316 | N33: Published | P33: =IF(AND(ISNUMBER($L33),ISNUMBER($M33)),MAX(0,$M33-$L33),"") | Q33: =IF(ISNUMBER($D33),MAX(0,TODAY()-$D33),"") | R33: =IF(COUNTA($A33:$O33)=0,"",IFERROR(TRIM(TEXTJOIN(" | ",TRUE,IF($A33="","PC kosong",""),IF($C33="","Worker ID kosong",""),IF($D33="","Update Date kosong",IF(NOT(ISNUMBER($D33)),"Update Date bukan tanggal","")),IF($E33="","Song ID YT kosong",""),IF($F33="","Judul kosong",""),IF(TRIM($G33)="","",IF(ISERROR(MATCH(TRIM($G33),{"TuneCore","DistroKid","TooLost","SoundOn","Ditto","Believe","CD Baby","Amuse","Symphonic Distribution","ONErpm","RouteNote","LANDR","Horus Music","Indie"},0)),"Aggregator di luar daftar","")),IF(TRIM($H33)="","Genre kosong",IF((LEN(SUBSTITUTE(SUBSTITUTE(SUBSTITUTE(TRIM($H33),"/",","),";",",")," ",""))-LEN(SUBSTITUTE(SUBSTITUTE(SUBSTITUTE(SUBSTITUTE(TRIM($H33),"/",","),";",",")," ",""),",",""))+1)>2,"Genre maksimal 2",IF(SUMPRODUCT(--ISNUMBER(SEARCH(","&{"Pop","Jazz","Hip-Hop","Soul","Indie","Dangdut","Rock","R&B","Electronic","K-Pop","Nasional","Daerah","Alternative","Folk","Country","Metal","Reggae","Latin","Classical","Soundtrack","Gospel","Blues","Funk","EDM"}&",",","&SUBSTITUTE(SUBSTITUTE(SUBSTITUTE(TRIM($H33),"/",","),";",",")," ","")&",")))<>(LEN(SUBSTITUTE(SUBSTITUTE(SUBSTITUTE(TRIM($H33),"/",","),";",",")," ",""))-LEN(SUBSTITUTE(SUBSTITUTE(SUBSTITUTE(SUBSTITUTE(TRIM($H33),"/",","),";",",")," ",""),",",""))+1),"Genre di luar daftar",""))),IF($I33="","Nama Channel kosong",""),IF($J33="","Link Channel kosong",IF(ISERROR(SEARCH("youtu",$J33)),"Link Channel bukan youtube","")),IF($K33="","Link Video kosong",IF(ISERROR(SEARCH("youtu",$K33)),"Link Video bukan youtube","")),IF($L33="","Tgl Dibuat kosong",IF(NOT(ISNUMBER($L33)),"Tgl Dibuat bukan tanggal","")),IF(AND($M33<>"",NOT(ISNUMBER($M33))),"Tgl Publish bukan tanggal",""),IF(AND(ISNUMBER($L33),ISNUMBER($M33),$M33<$L33),"Tgl Publish < Tgl buat",""),IF(TRIM($N33)="","Status kosong",IF(ISERROR(MATCH(TRIM($N33),{"Draft","Menunggu Review","Revisi","Terjadwal","Upload","Publish","Published","Batal"},0)),"Status di luar daftar","")))),"")) | S33: =IF(AND($A33<>"",$C33<>""),IF(COUNTIFS($A$2:$A$1000,$A33,$C$2:$C$1000,$C33)>1,"DUPLICAT",""),"")
... A45: PC 09 | C45: PC18-0024 | D45: 46318 | E45: W18 -23102026-024 | F45: Nothing To Defend | G45: TuneCore | H45: Pop | I45: Kade Valen | J45: https://www.youtube.com/@KadeValen | K45: https://youtu.be/pWraEljvKeI?si=kheZJXId_CTDD_BZ | L45: 46305 | M45: 46318 | N45: Terjadwal | P45: =IF(AND(ISNUMBER($L45),ISNUMBER($M45)),MAX(0,$M45-$L45),"") | Q45: =IF(ISNUMBER($D45),MAX(0,TODAY()-$D45),"") | R45: =IF(COUNTA($A45:$O45)=0,"",IFERROR(TRIM(TEXTJOIN(" | ",TRUE,IF($A45="","PC kosong",""),IF($C45="","Worker ID kosong",""),IF($D45="","Update Date kosong",IF(NOT(ISNUMBER($D45)),"Update Date bukan tanggal","")),IF($E45="","Song ID YT kosong",""),IF($F45="","Judul kosong",""),IF(TRIM($G45)="","",IF(ISERROR(MATCH(TRIM($G45),{"TuneCore","DistroKid","TooLost","SoundOn","Ditto","Believe","CD Baby","Amuse","Symphonic Distribution","ONErpm","RouteNote","LANDR","Horus Music","Indie"},0)),"Aggregator di luar daftar","")),IF(TRIM($H45)="","Genre kosong",IF((LEN(SUBSTITUTE(SUBSTITUTE(SUBSTITUTE(TRIM($H45),"/",","),";",",")," ",""))-LEN(SUBSTITUTE(SUBSTITUTE(SUBSTITUTE(SUBSTITUTE(TRIM($H45),"/",","),";",",")," ",""),",",""))+1)>2,"Genre maksimal 2",IF(SUMPRODUCT(--ISNUMBER(SEARCH(","&{"Pop","Jazz","Hip-Hop","Soul","Indie","Dangdut","Rock","R&B","Electronic","K-Pop","Nasional","Daerah","Alternative","Folk","Country","Metal","Reggae","Latin","Classical","Soundtrack","Gospel","Blues","Funk","EDM"}&",",","&SUBSTITUTE(SUBSTITUTE(SUBSTITUTE(TRIM($H45),"/",","),";",",")," ","")&",")))<>(LEN(SUBSTITUTE(SUBSTITUTE(SUBSTITUTE(TRIM($H45),"/",","),";",",")," ",""))-LEN(SUBSTITUTE(SUBSTITUTE(SUBSTITUTE(SUBSTITUTE(TRIM($H45),"/",","),";",",")," ",""),",",""))+1),"Genre di luar daftar",""))),IF($I45="","Nama Channel kosong",""),IF($J45="","Link Channel kosong",IF(ISERROR(SEARCH("youtu",$J45)),"Link Channel bukan youtube","")),IF($K45="","Link Video kosong",IF(ISERROR(SEARCH("youtu",$K45)),"Link Video bukan youtube","")),IF($L45="","Tgl Dibuat kosong",IF(NOT(ISNUMBER($L45)),"Tgl Dibuat bukan tanggal","")),IF(AND($M45<>"",NOT(ISNUMBER($M45))),"Tgl Publish bukan tanggal",""),IF(AND(ISNUMBER($L45),ISNUMBER($M45),$M45<$L45),"Tgl Publish < Tgl buat",""),IF(TRIM($N45)="","Status kosong",IF(ISERROR(MATCH(TRIM($N45),{"Draft","Menunggu Review","Revisi","Terjadwal","Upload","Publish","Published","Batal"},0)),"Status di luar daftar","")))),"")) | S45: =IF(AND($A45<>"",$C45<>""),IF(COUNTIFS($A$2:$A$1000,$A45,$C$2:$C$1000,$C45)>1,"DUPLICAT",""),"")
P46: =IF(AND(ISNUMBER($L46),ISNUMBER($M46)),MAX(0,$M46-$L46),"") | Q46: =IF(ISNUMBER($D46),MAX(0,TODAY()-$D46),"") | R46: =IF(COUNTA($A46:$O46)=0,"",IFERROR(TRIM(TEXTJOIN(" | ",TRUE,IF($A46="","PC kosong",""),IF($C46="","Worker ID kosong",""),IF($D46="","Update Date kosong",IF(NOT(ISNUMBER($D46)),"Update Date bukan tanggal","")),IF($E46="","Song ID YT kosong",""),IF($F46="","Judul kosong",""),IF(TRIM($G46)="","",IF(ISERROR(MATCH(TRIM($G46),{"TuneCore","DistroKid","TooLost","SoundOn","Ditto","Believe","CD Baby","Amuse","Symphonic Distribution","ONErpm","RouteNote","LANDR","Horus Music","Indie"},0)),"Aggregator di luar daftar","")),IF(TRIM($H46)="","Genre kosong",IF((LEN(SUBSTITUTE(SUBSTITUTE(SUBSTITUTE(TRIM($H46),"/",","),";",",")," ",""))-LEN(SUBSTITUTE(SUBSTITUTE(SUBSTITUTE(SUBSTITUTE(TRIM($H46),"/",","),";",",")," ",""),",",""))+1)>2,"Genre maksimal 2",IF(SUMPRODUCT(--ISNUMBER(SEARCH(","&{"Pop","Jazz","Hip-Hop","Soul","Indie","Dangdut","Rock","R&B","Electronic","K-Pop","Nasional","Daerah","Alternative","Folk","Country","Metal","Reggae","Latin","Classical","Soundtrack","Gospel","Blues","Funk","EDM"}&",",","&SUBSTITUTE(SUBSTITUTE(SUBSTITUTE(TRIM($H46),"/",","),";",",")," ","")&",")))<>(LEN(SUBSTITUTE(SUBSTITUTE(SUBSTITUTE(TRIM($H46),"/",","),";",",")," ",""))-LEN(SUBSTITUTE(SUBSTITUTE(SUBSTITUTE(SUBSTITUTE(TRIM($H46),"/",","),";",",")," ",""),",",""))+1),"Genre di luar daftar",""))),IF($I46="","Nama Channel kosong",""),IF($J46="","Link Channel kosong",IF(ISERROR(SEARCH("youtu",$J46)),"Link Channel bukan youtube","")),IF($K46="","Link Video kosong",IF(ISERROR(SEARCH("youtu",$K46)),"Link Video bukan youtube","")),IF($L46="","Tgl Dibuat kosong",IF(NOT(ISNUMBER($L46)),"Tgl Dibuat bukan tanggal","")),IF(AND($M46<>"",NOT(ISNUMBER($M46))),"Tgl Publish bukan tanggal",""),IF(AND(ISNUMBER($L46),ISNUMBER($M46),$M46<$L46),"Tgl Publish < Tgl buat",""),IF(TRIM($N46)="","Status kosong",IF(ISERROR(MATCH(TRIM($N46),{"Draft","Menunggu Review","Revisi","Terjadwal","Upload","Publish","Published","Batal"},0)),"Status di luar daftar","")))),"")) | S46: =IF(AND($A46<>"",$C46<>""),IF(COUNTIFS($A$2:$A$1000,$A46,$C$2:$C$1000,$C46)>1,"DUPLICAT",""),"")
P47: =IF(AND(ISNUMBER($L47),ISNUMBER($M47)),MAX(0,$M47-$L47),"") | Q47: =IF(ISNUMBER($D47),MAX(0,TODAY()-$D47),"") | R47: =IF(COUNTA($A47:$O47)=0,"",IFERROR(TRIM(TEXTJOIN(" | ",TRUE,IF($A47="","PC kosong",""),IF($C47="","Worker ID kosong",""),IF($D47="","Update Date kosong",IF(NOT(ISNUMBER($D47)),"Update Date bukan tanggal","")),IF($E47="","Song ID YT kosong",""),IF($F47="","Judul kosong",""),IF(TRIM($G47)="","",IF(ISERROR(MATCH(TRIM($G47),{"TuneCore","DistroKid","TooLost","SoundOn","Ditto","Believe","CD Baby","Amuse","Symphonic Distribution","ONErpm","RouteNote","LANDR","Horus Music","Indie"},0)),"Aggregator di luar daftar","")),IF(TRIM($H47)="","Genre kosong",IF((LEN(SUBSTITUTE(SUBSTITUTE(SUBSTITUTE(TRIM($H47),"/",","),";",",")," ",""))-LEN(SUBSTITUTE(SUBSTITUTE(SUBSTITUTE(SUBSTITUTE(TRIM($H47),"/",","),";",",")," ",""),",",""))+1)>2,"Genre maksimal 2",IF(SUMPRODUCT(--ISNUMBER(SEARCH(","&{"Pop","Jazz","Hip-Hop","Soul","Indie","Dangdut","Rock","R&B","Electronic","K-Pop","Nasional","Daerah","Alternative","Folk","Country","Metal","Reggae","Latin","Classical","Soundtrack","Gospel","Blues","Funk","EDM"}&",",","&SUBSTITUTE(SUBSTITUTE(SUBSTITUTE(TRIM($H47),"/",","),";",",")," ","")&",")))<>(LEN(SUBSTITUTE(SUBSTITUTE(SUBSTITUTE(TRIM($H47),"/",","),";",",")," ",""))-LEN(SUBSTITUTE(SUBSTITUTE(SUBSTITUTE(SUBSTITUTE(TRIM($H47),"/",","),";",",")," ",""),",",""))+1),"Genre di luar daftar",""))),IF($I47="","Nama Channel kosong",""),IF($J47="","Link Channel kosong",IF(ISERROR(SEARCH("youtu",$J47)),"Link Channel bukan youtube","")),IF($K47="","Link Video kosong",IF(ISERROR(SEARCH("youtu",$K47)),"Link Video bukan youtube","")),IF($L47="","Tgl Dibuat kosong",IF(NOT(ISNUMBER($L47)),"Tgl Dibuat bukan tanggal","")),IF(AND($M47<>"",NOT(ISNUMBER($M47))),"Tgl Publish bukan tanggal",""),IF(AND(ISNUMBER($L47),ISNUMBER($M47),$M47<$L47),"Tgl Publish < Tgl buat",""),IF(TRIM($N47)="","Status kosong",IF(ISERROR(MATCH(TRIM($N47),{"Draft","Menunggu Review","Revisi","Terjadwal","Upload","Publish","Published","Batal"},0)),"Status di luar daftar","")))),"")) | S47: =IF(AND($A47<>"",$C47<>""),IF(COUNTIFS($A$2:$A$1000,$A47,$C$2:$C$1000,$C47)>1,"DUPLICAT",""),"")
P48: =IF(AND(ISNUMBER($L48),ISNUMBER($M48)),MAX(0,$M48-$L48),"") | Q48: =IF(ISNUMBER($D48),MAX(0,TODAY()-$D48),"") | R48: =IF(COUNTA($A48:$O48)=0,"",IFERROR(TRIM(TEXTJOIN(" | ",TRUE,IF($A48="","PC kosong",""),IF($C48="","Worker ID kosong",""),IF($D48="","Update Date kosong",IF(NOT(ISNUMBER($D48)),"Update Date bukan tanggal","")),IF($E48="","Song ID YT kosong",""),IF($F48="","Judul kosong",""),IF(TRIM($G48)="","",IF(ISERROR(MATCH(TRIM($G48),{"TuneCore","DistroKid","TooLost","SoundOn","Ditto","Believe","CD Baby","Amuse","Symphonic Distribution","ONErpm","RouteNote","LANDR","Horus Music","Indie"},0)),"Aggregator di luar daftar","")),IF(TRIM($H48)="","Genre kosong",IF((LEN(SUBSTITUTE(SUBSTITUTE(SUBSTITUTE(TRIM($H48),"/",","),";",",")," ",""))-LEN(SUBSTITUTE(SUBSTITUTE(SUBSTITUTE(SUBSTITUTE(TRIM($H48),"/",","),";",",")," ",""),",",""))+1)>2,"Genre maksimal 2",IF(SUMPRODUCT(--ISNUMBER(SEARCH(","&{"Pop","Jazz","Hip-Hop","Soul","Indie","Dangdut","Rock","R&B","Electronic","K-Pop","Nasional","Daerah","Alternative","Folk","Country","Metal","Reggae","Latin","Classical","Soundtrack","Gospel","Blues","Funk","EDM"}&",",","&SUBSTITUTE(SUBSTITUTE(SUBSTITUTE(TRIM($H48),"/",","),";",",")," ","")&",")))<>(LEN(SUBSTITUTE(SUBSTITUTE(SUBSTITUTE(TRIM($H48),"/",","),";",",")," ",""))-LEN(SUBSTITUTE(SUBSTITUTE(SUBSTITUTE(SUBSTITUTE(TRIM($H48),"/",","),";",",")," ",""),",",""))+1),"Genre di luar daftar",""))),IF($I48="","Nama Channel kosong",""),IF($J48="","Link Channel kosong",IF(ISERROR(SEARCH("youtu",$J48)),"Link Channel bukan youtube","")),IF($K48="","Link Video kosong",IF(ISERROR(SEARCH("youtu",$K48)),"Link Video bukan youtube","")),IF($L48="","Tgl Dibuat kosong",IF(NOT(ISNUMBER($L48)),"Tgl Dibuat bukan tanggal","")),IF(AND($M48<>"",NOT(ISNUMBER($M48))),"Tgl Publish bukan tanggal",""),IF(AND(ISNUMBER($L48),ISNUMBER($M48),$M48<$L48),"Tgl Publish < Tgl buat",""),IF(TRIM($N48)="","Status kosong",IF(ISERROR(MATCH(TRIM($N48),{"Draft","Menunggu Review","Revisi","Terjadwal","Upload","Publish","Published","Batal"},0)),"Status di luar daftar","")))),"")) | S48: =IF(AND($A48<>"",$C48<>""),IF(COUNTIFS($A$2:$A$1000,$A48,$C$2:$C$1000,$C48)>1,"DUPLICAT",""),"")
P49: =IF(AND(ISNUMBER($L49),ISNUMBER($M49)),MAX(0,$M49-$L49),"") | Q49: =IF(ISNUMBER($D49),MAX(0,TODAY()-$D49),"") | R49: =IF(COUNTA($A49:$O49)=0,"",IFERROR(TRIM(TEXTJOIN(" | ",TRUE,IF($A49="","PC kosong",""),IF($C49="","Worker ID kosong",""),IF($D49="","Update Date kosong",IF(NOT(ISNUMBER($D49)),"Update Date bukan tanggal","")),IF($E49="","Song ID YT kosong",""),IF($F49="","Judul kosong",""),IF(TRIM($G49)="","",IF(ISERROR(MATCH(TRIM($G49),{"TuneCore","DistroKid","TooLost","SoundOn","Ditto","Believe","CD Baby","Amuse","Symphonic Distribution","ONErpm","RouteNote","LANDR","Horus Music","Indie"},0)),"Aggregator di luar daftar","")),IF(TRIM($H49)="","Genre kosong",IF((LEN(SUBSTITUTE(SUBSTITUTE(SUBSTITUTE(TRIM($H49),"/",","),";",",")," ",""))-LEN(SUBSTITUTE(SUBSTITUTE(SUBSTITUTE(SUBSTITUTE(TRIM($H49),"/",","),";",",")," ",""),",",""))+1)>2,"Genre maksimal 2",IF(SUMPRODUCT(--ISNUMBER(SEARCH(","&{"Pop","Jazz","Hip-Hop","Soul","Indie","Dangdut","Rock","R&B","Electronic","K-Pop","Nasional","Daerah","Alternative","Folk","Country","Metal","Reggae","Latin","Classical","Soundtrack","Gospel","Blues","Funk","EDM"}&",",","&SUBSTITUTE(SUBSTITUTE(SUBSTITUTE(TRIM($H49),"/",","),";",",")," ","")&",")))<>(LEN(SUBSTITUTE(SUBSTITUTE(SUBSTITUTE(TRIM($H49),"/",","),";",",")," ",""))-LEN(SUBSTITUTE(SUBSTITUTE(SUBSTITUTE(SUBSTITUTE(TRIM($H49),"/",","),";",",")," ",""),",",""))+1),"Genre di luar daftar",""))),IF($I49="","Nama Channel kosong",""),IF($J49="","Link Channel kosong",IF(ISERROR(SEARCH("youtu",$J49)),"Link Channel bukan youtube","")),IF($K49="","Link Video kosong",IF(ISERROR(SEARCH("youtu",$K49)),"Link Video bukan youtube","")),IF($L49="","Tgl Dibuat kosong",IF(NOT(ISNUMBER($L49)),"Tgl Dibuat bukan tanggal","")),IF(AND($M49<>"",NOT(ISNUMBER($M49))),"Tgl Publish bukan tanggal",""),IF(AND(ISNUMBER($L49),ISNUMBER($M49),$M49<$L49),"Tgl Publish < Tgl buat",""),IF(TRIM($N49)="","Status kosong",IF(ISERROR(MATCH(TRIM($N49),{"Draft","Menunggu Review","Revisi","Terjadwal","Upload","Publish","Published","Batal"},0)),"Status di luar daftar","")))),"")) | S49: =IF(AND($A49<>"",$C49<>""),IF(COUNTIFS($A$2:$A$1000,$A49,$C$2:$C$1000,$C49)>1,"DUPLICAT",""),"")
P50: =IF(AND(ISNUMBER($L50),ISNUMBER($M50)),MAX(0,$M50-$L50),"") | Q50: =IF(ISNUMBER($D50),MAX(0,TODAY()-$D50),"") | R50: =IF(COUNTA($A50:$O50)=0,"",IFERROR(TRIM(TEXTJOIN(" | ",TRUE,IF($A50="","PC kosong",""),IF($C50="","Worker ID kosong",""),IF($D50="","Update Date kosong",IF(NOT(ISNUMBER($D50)),"Update Date bukan tanggal","")),IF($E50="","Song ID YT kosong",""),IF($F50="","Judul kosong",""),IF(TRIM($G50)="","",IF(ISERROR(MATCH(TRIM($G50),{"TuneCore","DistroKid","TooLost","SoundOn","Ditto","Believe","CD Baby","Amuse","Symphonic Distribution","ONErpm","RouteNote","LANDR","Horus Music","Indie"},0)),"Aggregator di luar daftar","")),IF(TRIM($H50)="","Genre kosong",IF((LEN(SUBSTITUTE(SUBSTITUTE(SUBSTITUTE(TRIM($H50),"/",","),";",",")," ",""))-LEN(SUBSTITUTE(SUBSTITUTE(SUBSTITUTE(SUBSTITUTE(TRIM($H50),"/",","),";",",")," ",""),",",""))+1)>2,"Genre maksimal 2",IF(SUMPRODUCT(--ISNUMBER(SEARCH(","&{"Pop","Jazz","Hip-Hop","Soul","Indie","Dangdut","Rock","R&B","Electronic","K-Pop","Nasional","Daerah","Alternative","Folk","Country","Metal","Reggae","Latin","Classical","Soundtrack","Gospel","Blues","Funk","EDM"}&",",","&SUBSTITUTE(SUBSTITUTE(SUBSTITUTE(TRIM($H50),"/",","),";",",")," ","")&",")))<>(LEN(SUBSTITUTE(SUBSTITUTE(SUBSTITUTE(TRIM($H50),"/",","),";",",")," ",""))-LEN(SUBSTITUTE(SUBSTITUTE(SUBSTITUTE(SUBSTITUTE(TRIM($H50),"/",","),";",",")," ",""),",",""))+1),"Genre di luar daftar",""))),IF($I50="","Nama Channel kosong",""),IF($J50="","Link Channel kosong",IF(ISERROR(SEARCH("youtu",$J50)),"Link Channel bukan youtube","")),IF($K50="","Link Video kosong",IF(ISERROR(SEARCH("youtu",$K50)),"Link Video bukan youtube","")),IF($L50="","Tgl Dibuat kosong",IF(NOT(ISNUMBER($L50)),"Tgl Dibuat bukan tanggal","")),IF(AND($M50<>"",NOT(ISNUMBER($M50))),"Tgl Publish bukan tanggal",""),IF(AND(ISNUMBER($L50),ISNUMBER($M50),$M50<$L50),"Tgl Publish < Tgl buat",""),IF(TRIM($N50)="","Status kosong",IF(ISERROR(MATCH(TRIM($N50),{"Draft","Menunggu Review","Revisi","Terjadwal","Upload","Publish","Published","Batal"},0)),"Status di luar daftar","")))),"")) | S50: =IF(AND($A50<>"",$C50<>""),IF(COUNTIFS($A$2:$A$1000,$A50,$C$2:$C$1000,$C50)>1,"DUPLICAT",""),"")
P51: =IF(AND(ISNUMBER($L51),ISNUMBER($M51)),MAX(0,$M51-$L51),"") | Q51: =IF(ISNUMBER($D51),MAX(0,TODAY()-$D51),"") | R51: =IF(COUNTA($A51:$O51)=0,"",IFERROR(TRIM(TEXTJOIN(" | ",TRUE,IF($A51="","PC kosong",""),IF($C51="","Worker ID kosong",""),IF($D51="","Update Date kosong",IF(NOT(ISNUMBER($D51)),"Update Date bukan tanggal","")),IF($E51="","Song ID YT kosong",""),IF($F51="","Judul kosong",""),IF(TRIM($G51)="","",IF(ISERROR(MATCH(TRIM($G51),{"TuneCore","DistroKid","TooLost","SoundOn","Ditto","Believe","CD Baby","Amuse","Symphonic Distribution","ONErpm","RouteNote","LANDR","Horus Music","Indie"},0)),"Aggregator di luar daftar","")),IF(TRIM($H51)="","Genre kosong",IF((LEN(SUBSTITUTE(SUBSTITUTE(SUBSTITUTE(TRIM($H51),"/",","),";",",")," ",""))-LEN(SUBSTITUTE(SUBSTITUTE(SUBSTITUTE(SUBSTITUTE(TRIM($H51),"/",","),";",",")," ",""),",",""))+1)>2,"Genre maksimal 2",IF(SUMPRODUCT(--ISNUMBER(SEARCH(","&{"Pop","Jazz","Hip-Hop","Soul","Indie","Dangdut","Rock","R&B","Electronic","K-Pop","Nasional","Daerah","Alternative","Folk","Country","Metal","Reggae","Latin","Classical","Soundtrack","Gospel","Blues","Funk","EDM"}&",",","&SUBSTITUTE(SUBSTITUTE(SUBSTITUTE(TRIM($H51),"/",","),";",",")," ","")&",")))<>(LEN(SUBSTITUTE(SUBSTITUTE(SUBSTITUTE(TRIM($H51),"/",","),";",",")," ",""))-LEN(SUBSTITUTE(SUBSTITUTE(SUBSTITUTE(SUBSTITUTE(TRIM($H51),"/",","),";",",")," ",""),",",""))+1),"Genre di luar daftar",""))),IF($I51="","Nama Channel kosong",""),IF($J51="","Link Channel kosong",IF(ISERROR(SEARCH("youtu",$J51)),"Link Channel bukan youtube","")),IF($K51="","Link Video kosong",IF(ISERROR(SEARCH("youtu",$K51)),"Link Video bukan youtube","")),IF($L51="","Tgl Dibuat kosong",IF(NOT(ISNUMBER($L51)),"Tgl Dibuat bukan tanggal","")),IF(AND($M51<>"",NOT(ISNUMBER($M51))),"Tgl Publish bukan tanggal",""),IF(AND(ISNUMBER($L51),ISNUMBER($M51),$M51<$L51),"Tgl Publish < Tgl buat",""),IF(TRIM($N51)="","Status kosong",IF(ISERROR(MATCH(TRIM($N51),{"Draft","Menunggu Review","Revisi","Terjadwal","Upload","Publish","Published","Batal"},0)),"Status di luar daftar","")))),"")) | S51: =IF(AND($A51<>"",$C51<>""),IF(COUNTIFS($A$2:$A$1000,$A51,$C$2:$C$1000,$C51)>1,"DUPLICAT",""),"")
P52: =IF(AND(ISNUMBER($L52),ISNUMBER($M52)),MAX(0,$M52-$L52),"") | Q52: =IF(ISNUMBER($D52),MAX(0,TODAY()-$D52),"") | R52: =IF(COUNTA($A52:$O52)=0,"",IFERROR(TRIM(TEXTJOIN(" | ",TRUE,IF($A52="","PC kosong",""),IF($C52="","Worker ID kosong",""),IF($D52="","Update Date kosong",IF(NOT(ISNUMBER($D52)),"Update Date bukan tanggal","")),IF($E52="","Song ID YT kosong",""),IF($F52="","Judul kosong",""),IF(TRIM($G52)="","",IF(ISERROR(MATCH(TRIM($G52),{"TuneCore","DistroKid","TooLost","SoundOn","Ditto","Believe","CD Baby","Amuse","Symphonic Distribution","ONErpm","RouteNote","LANDR","Horus Music","Indie"},0)),"Aggregator di luar daftar","")),IF(TRIM($H52)="","Genre kosong",IF((LEN(SUBSTITUTE(SUBSTITUTE(SUBSTITUTE(TRIM($H52),"/",","),";",",")," ",""))-LEN(SUBSTITUTE(SUBSTITUTE(SUBSTITUTE(SUBSTITUTE(TRIM($H52),"/",","),";",",")," ",""),",",""))+1)>2,"Genre maksimal 2",IF(SUMPRODUCT(--ISNUMBER(SEARCH(","&{"Pop","Jazz","Hip-Hop","Soul","Indie","Dangdut","Rock","R&B","Electronic","K-Pop","Nasional","Daerah","Alternative","Folk","Country","Metal","Reggae","Latin","Classical","Soundtrack","Gospel","Blues","Funk","EDM"}&",",","&SUBSTITUTE(SUBSTITUTE(SUBSTITUTE(TRIM($H52),"/",","),";",",")," ","")&",")))<>(LEN(SUBSTITUTE(SUBSTITUTE(SUBSTITUTE(TRIM($H52),"/",","),";",",")," ",""))-LEN(SUBSTITUTE(SUBSTITUTE(SUBSTITUTE(SUBSTITUTE(TRIM($H52),"/",","),";",",")," ",""),",",""))+1),"Genre di luar daftar",""))),IF($I52="","Nama Channel kosong",""),IF($J52="","Link Channel kosong",IF(ISERROR(SEARCH("youtu",$J52)),"Link Channel bukan youtube","")),IF($K52="","Link Video kosong",IF(ISERROR(SEARCH("youtu",$K52)),"Link Video bukan youtube","")),IF($L52="","Tgl Dibuat kosong",IF(NOT(ISNUMBER($L52)),"Tgl Dibuat bukan tanggal","")),IF(AND($M52<>"",NOT(ISNUMBER($M52))),"Tgl Publish bukan tanggal",""),IF(AND(ISNUMBER($L52),ISNUMBER($M52),$M52<$L52),"Tgl Publish < Tgl buat",""),IF(TRIM($N52)="","Status kosong",IF(ISERROR(MATCH(TRIM($N52),{"Draft","Menunggu Review","Revisi","Terjadwal","Upload","Publish","Published","Batal"},0)),"Status di luar daftar","")))),"")) | S52: =IF(AND($A52<>"",$C52<>""),IF(COUNTIFS($A$2:$A$1000,$A52,$C$2:$C$1000,$C52)>1,"DUPLICAT",""),"")
P53: =IF(AND(ISNUMBER($L53),ISNUMBER($M53)),MAX(0,$M53-$L53),"") | Q53: =IF(ISNUMBER($D53),MAX(0,TODAY()-$D53),"") | R53: =IF(COUNTA($A53:$O53)=0,"",IFERROR(TRIM(TEXTJOIN(" | ",TRUE,IF($A53="","PC kosong",""),IF($C53="","Worker ID kosong",""),IF($D53="","Update Date kosong",IF(NOT(ISNUMBER($D53)),"Update Date bukan tanggal","")),IF($E53="","Song ID YT kosong",""),IF($F53="","Judul kosong",""),IF(TRIM($G53)="","",IF(ISERROR(MATCH(TRIM($G53),{"TuneCore","DistroKid","TooLost","SoundOn","Ditto","Believe","CD Baby","Amuse","Symphonic Distribution","ONErpm","RouteNote","LANDR","Horus Music","Indie"},0)),"Aggregator di luar daftar","")),IF(TRIM($H53)="","Genre kosong",IF((LEN(SUBSTITUTE(SUBSTITUTE(SUBSTITUTE(TRIM($H53),"/",","),";",",")," ",""))-LEN(SUBSTITUTE(SUBSTITUTE(SUBSTITUTE(SUBSTITUTE(TRIM($H53),"/",","),";",",")," ",""),",",""))+1)>2,"Genre maksimal 2",IF(SUMPRODUCT(--ISNUMBER(SEARCH(","&{"Pop","Jazz","Hip-Hop","Soul","Indie","Dangdut","Rock","R&B","Electronic","K-Pop","Nasional","Daerah","Alternative","Folk","Country","Metal","Reggae","Latin","Classical","Soundtrack","Gospel","Blues","Funk","EDM"}&",",","&SUBSTITUTE(SUBSTITUTE(SUBSTITUTE(TRIM($H53),"/",","),";",",")," ","")&",")))<>(LEN(SUBSTITUTE(SUBSTITUTE(SUBSTITUTE(TRIM($H53),"/",","),";",",")," ",""))-LEN(SUBSTITUTE(SUBSTITUTE(SUBSTITUTE(SUBSTITUTE(TRIM($H53),"/",","),";",",")," ",""),",",""))+1),"Genre di luar daftar",""))),IF($I53="","Nama Channel kosong",""),IF($J53="","Link Channel kosong",IF(ISERROR(SEARCH("youtu",$J53)),"Link Channel bukan youtube","")),IF($K53="","Link Video kosong",IF(ISERROR(SEARCH("youtu",$K53)),"Link Video bukan youtube","")),IF($L53="","Tgl Dibuat kosong",IF(NOT(ISNUMBER($L53)),"Tgl Dibuat bukan tanggal","")),IF(AND($M53<>"",NOT(ISNUMBER($M53))),"Tgl Publish bukan tanggal",""),IF(AND(ISNUMBER($L53),ISNUMBER($M53),$M53<$L53),"Tgl Publish < Tgl buat",""),IF(TRIM($N53)="","Status kosong",IF(ISERROR(MATCH(TRIM($N53),{"Draft","Menunggu Review","Revisi","Terjadwal","Upload","Publish","Published","Batal"},0)),"Status di luar daftar","")))),"")) | S53: =IF(AND($A53<>"",$C53<>""),IF(COUNTIFS($A$2:$A$1000,$A53,$C$2:$C$1000,$C53)>1,"DUPLICAT",""),"")
P54: =IF(AND(ISNUMBER($L54),ISNUMBER($M54)),MAX(0,$M54-$L54),"") | Q54: =IF(ISNUMBER($D54),MAX(0,TODAY()-$D54),"") | R54: =IF(COUNTA($A54:$O54)=0,"",IFERROR(TRIM(TEXTJOIN(" | ",TRUE,IF($A54="","PC kosong",""),IF($C54="","Worker ID kosong",""),IF($D54="","Update Date kosong",IF(NOT(ISNUMBER($D54)),"Update Date bukan tanggal","")),IF($E54="","Song ID YT kosong",""),IF($F54="","Judul kosong",""),IF(TRIM($G54)="","",IF(ISERROR(MATCH(TRIM($G54),{"TuneCore","DistroKid","TooLost","SoundOn","Ditto","Believe","CD Baby","Amuse","Symphonic Distribution","ONErpm","RouteNote","LANDR","Horus Music","Indie"},0)),"Aggregator di luar daftar","")),IF(TRIM($H54)="","Genre kosong",IF((LEN(SUBSTITUTE(SUBSTITUTE(SUBSTITUTE(TRIM($H54),"/",","),";",",")," ",""))-LEN(SUBSTITUTE(SUBSTITUTE(SUBSTITUTE(SUBSTITUTE(TRIM($H54),"/",","),";",",")," ",""),",",""))+1)>2,"Genre maksimal 2",IF(SUMPRODUCT(--ISNUMBER(SEARCH(","&{"Pop","Jazz","Hip-Hop","Soul","Indie","Dangdut","Rock","R&B","Electronic","K-Pop","Nasional","Daerah","Alternative","Folk","Country","Metal","Reggae","Latin","Classical","Soundtrack","Gospel","Blues","Funk","EDM"}&",",","&SUBSTITUTE(SUBSTITUTE(SUBSTITUTE(TRIM($H54),"/",","),";",",")," ","")&",")))<>(LEN(SUBSTITUTE(SUBSTITUTE(SUBSTITUTE(TRIM($H54),"/",","),";",",")," ",""))-LEN(SUBSTITUTE(SUBSTITUTE(SUBSTITUTE(SUBSTITUTE(TRIM($H54),"/",","),";",",")," ",""),",",""))+1),"Genre di luar daftar",""))),IF($I54="","Nama Channel kosong",""),IF($J54="","Link Channel kosong",IF(ISERROR(SEARCH("youtu",$J54)),"Link Channel bukan youtube","")),IF($K54="","Link Video kosong",IF(ISERROR(SEARCH("youtu",$K54)),"Link Video bukan youtube","")),IF($L54="","Tgl Dibuat kosong",IF(NOT(ISNUMBER($L54)),"Tgl Dibuat bukan tanggal","")),IF(AND($M54<>"",NOT(ISNUMBER($M54))),"Tgl Publish bukan tanggal",""),IF(AND(ISNUMBER($L54),ISNUMBER($M54),$M54<$L54),"Tgl Publish < Tgl buat",""),IF(TRIM($N54)="","Status kosong",IF(ISERROR(MATCH(TRIM($N54),{"Draft","Menunggu Review","Revisi","Terjadwal","Upload","Publish","Published","Batal"},0)),"Status di luar daftar","")))),"")) | S54: =IF(AND($A54<>"",$C54<>""),IF(COUNTIFS($A$2:$A$1000,$A54,$C$2:$C$1000,$C54)>1,"DUPLICAT",""),"")
P55: =IF(AND(ISNUMBER($L55),ISNUMBER($M55)),MAX(0,$M55-$L55),"") | Q55: =IF(ISNUMBER($D55),MAX(0,TODAY()-$D55),"") | R55: =IF(COUNTA($A55:$O55)=0,"",IFERROR(TRIM(TEXTJOIN(" | ",TRUE,IF($A55="","PC kosong",""),IF($C55="","Worker ID kosong",""),IF($D55="","Update Date kosong",IF(NOT(ISNUMBER($D55)),"Update Date bukan tanggal","")),IF($E55="","Song ID YT kosong",""),IF($F55="","Judul kosong",""),IF(TRIM($G55)="","",IF(ISERROR(MATCH(TRIM($G55),{"TuneCore","DistroKid","TooLost","SoundOn","Ditto","Believe","CD Baby","Amuse","Symphonic Distribution","ONErpm","RouteNote","LANDR","Horus Music","Indie"},0)),"Aggregator di luar daftar","")),IF(TRIM($H55)="","Genre kosong",IF((LEN(SUBSTITUTE(SUBSTITUTE(SUBSTITUTE(TRIM($H55),"/",","),";",",")," ",""))-LEN(SUBSTITUTE(SUBSTITUTE(SUBSTITUTE(SUBSTITUTE(TRIM($H55),"/",","),";",",")," ",""),",",""))+1)>2,"Genre maksimal 2",IF(SUMPRODUCT(--ISNUMBER(SEARCH(","&{"Pop","Jazz","Hip-Hop","Soul","Indie","Dangdut","Rock","R&B","Electronic","K-Pop","Nasional","Daerah","Alternative","Folk","Country","Metal","Reggae","Latin","Classical","Soundtrack","Gospel","Blues","Funk","EDM"}&",",","&SUBSTITUTE(SUBSTITUTE(SUBSTITUTE(TRIM($H55),"/",","),";",",")," ","")&",")))<>(LEN(SUBSTITUTE(SUBSTITUTE(SUBSTITUTE(TRIM($H55),"/",","),";",",")," ",""))-LEN(SUBSTITUTE(SUBSTITUTE(SUBSTITUTE(SUBSTITUTE(TRIM($H55),"/",","),";",",")," ",""),",",""))+1),"Genre di luar daftar",""))),IF($I55="","Nama Channel kosong",""),IF($J55="","Link Channel kosong",IF(ISERROR(SEARCH("youtu",$J55)),"Link Channel bukan youtube","")),IF($K55="","Link Video kosong",IF(ISERROR(SEARCH("youtu",$K55)),"Link Video bukan youtube","")),IF($L55="","Tgl Dibuat kosong",IF(NOT(ISNUMBER($L55)),"Tgl Dibuat bukan tanggal","")),IF(AND($M55<>"",NOT(ISNUMBER($M55))),"Tgl Publish bukan tanggal",""),IF(AND(ISNUMBER($L55),ISNUMBER($M55),$M55<$L55),"Tgl Publish < Tgl buat",""),IF(TRIM($N55)="","Status kosong",IF(ISERROR(MATCH(TRIM($N55),{"Draft","Menunggu Review","Revisi","Terjadwal","Upload","Publish","Published","Batal"},0)),"Status di luar daftar","")))),"")) | S55: =IF(AND($A55<>"",$C55<>""),IF(COUNTIFS($A$2:$A$1000,$A55,$C$2:$C$1000,$C55)>1,"DUPLICAT",""),"")
P56: =IF(AND(ISNUMBER($L56),ISNUMBER($M56)),MAX(0,$M56-$L56),"") | Q56: =IF(ISNUMBER($D56),MAX(0,TODAY()-$D56),"") | R56: =IF(COUNTA($A56:$O56)=0,"",IFERROR(TRIM(TEXTJOIN(" | ",TRUE,IF($A56="","PC kosong",""),IF($C56="","Worker ID kosong",""),IF($D56="","Update Date kosong",IF(NOT(ISNUMBER($D56)),"Update Date bukan tanggal","")),IF($E56="","Song ID YT kosong",""),IF($F56="","Judul kosong",""),IF(TRIM($G56)="","",IF(ISERROR(MATCH(TRIM($G56),{"TuneCore","DistroKid","TooLost","SoundOn","Ditto","Believe","CD Baby","Amuse","Symphonic Distribution","ONErpm","RouteNote","LANDR","Horus Music","Indie"},0)),"Aggregator di luar daftar","")),IF(TRIM($H56)="","Genre kosong",IF((LEN(SUBSTITUTE(SUBSTITUTE(SUBSTITUTE(TRIM($H56),"/",","),";",",")," ",""))-LEN(SUBSTITUTE(SUBSTITUTE(SUBSTITUTE(SUBSTITUTE(TRIM($H56),"/",","),";",",")," ",""),",",""))+1)>2,"Genre maksimal 2",IF(SUMPRODUCT(--ISNUMBER(SEARCH(","&{"Pop","Jazz","Hip-Hop","Soul","Indie","Dangdut","Rock","R&B","Electronic","K-Pop","Nasional","Daerah","Alternative","Folk","Country","Metal","Reggae","Latin","Classical","Soundtrack","Gospel","Blues","Funk","EDM"}&",",","&SUBSTITUTE(SUBSTITUTE(SUBSTITUTE(TRIM($H56),"/",","),";",",")," ","")&",")))<>(LEN(SUBSTITUTE(SUBSTITUTE(SUBSTITUTE(TRIM($H56),"/",","),";",",")," ",""))-LEN(SUBSTITUTE(SUBSTITUTE(SUBSTITUTE(SUBSTITUTE(TRIM($H56),"/",","),";",",")," ",""),",",""))+1),"Genre di luar daftar",""))),IF($I56="","Nama Channel kosong",""),IF($J56="","Link Channel kosong",IF(ISERROR(SEARCH("youtu",$J56)),"Link Channel bukan youtube","")),IF($K56="","Link Video kosong",IF(ISERROR(SEARCH("youtu",$K56)),"Link Video bukan youtube","")),IF($L56="","Tgl Dibuat kosong",IF(NOT(ISNUMBER($L56)),"Tgl Dibuat bukan tanggal","")),IF(AND($M56<>"",NOT(ISNUMBER($M56))),"Tgl Publish bukan tanggal",""),IF(AND(ISNUMBER($L56),ISNUMBER($M56),$M56<$L56),"Tgl Publish < Tgl buat",""),IF(TRIM($N56)="","Status kosong",IF(ISERROR(MATCH(TRIM($N56),{"Draft","Menunggu Review","Revisi","Terjadwal","Upload","Publish","Published","Batal"},0)),"Status di luar daftar","")))),"")) | S56: =IF(AND($A56<>"",$C56<>""),IF(COUNTIFS($A$2:$A$1000,$A56,$C$2:$C$1000,$C56)>1,"DUPLICAT",""),"")
P57: =IF(AND(ISNUMBER($L57),ISNUMBER($M57)),MAX(0,$M57-$L57),"") | Q57: =IF(ISNUMBER($D57),MAX(0,TODAY()-$D57),"") | R57: =IF(COUNTA($A57:$O57)=0,"",IFERROR(TRIM(TEXTJOIN(" | ",TRUE,IF($A57="","PC kosong",""),IF($C57="","Worker ID kosong",""),IF($D57="","Update Date kosong",IF(NOT(ISNUMBER($D57)),"Update Date bukan tanggal","")),IF($E57="","Song ID YT kosong",""),IF($F57="","Judul kosong",""),IF(TRIM($G57)="","",IF(ISERROR(MATCH(TRIM($G57),{"TuneCore","DistroKid","TooLost","SoundOn","Ditto","Believe","CD Baby","Amuse","Symphonic Distribution","ONErpm","RouteNote","LANDR","Horus Music","Indie"},0)),"Aggregator di luar daftar","")),IF(TRIM($H57)="","Genre kosong",IF((LEN(SUBSTITUTE(SUBSTITUTE(SUBSTITUTE(TRIM($H57),"/",","),";",",")," ",""))-LEN(SUBSTITUTE(SUBSTITUTE(SUBSTITUTE(SUBSTITUTE(TRIM($H57),"/",","),";",",")," ",""),",",""))+1)>2,"Genre maksimal 2",IF(SUMPRODUCT(--ISNUMBER(SEARCH(","&{"Pop","Jazz","Hip-Hop","Soul","Indie","Dangdut","Rock","R&B","Electronic","K-Pop","Nasional","Daerah","Alternative","Folk","Country","Metal","Reggae","Latin","Classical","Soundtrack","Gospel","Blues","Funk","EDM"}&",",","&SUBSTITUTE(SUBSTITUTE(SUBSTITUTE(TRIM($H57),"/",","),";",",")," ","")&",")))<>(LEN(SUBSTITUTE(SUBSTITUTE(SUBSTITUTE(TRIM($H57),"/",","),";",",")," ",""))-LEN(SUBSTITUTE(SUBSTITUTE(SUBSTITUTE(SUBSTITUTE(TRIM($H57),"/",","),";",",")," ",""),",",""))+1),"Genre di luar daftar",""))),IF($I57="","Nama Channel kosong",""),IF($J57="","Link Channel kosong",IF(ISERROR(SEARCH("youtu",$J57)),"Link Channel bukan youtube","")),IF($K57="","Link Video kosong",IF(ISERROR(SEARCH("youtu",$K57)),"Link Video bukan youtube","")),IF($L57="","Tgl Dibuat kosong",IF(NOT(ISNUMBER($L57)),"Tgl Dibuat bukan tanggal","")),IF(AND($M57<>"",NOT(ISNUMBER($M57))),"Tgl Publish bukan tanggal",""),IF(AND(ISNUMBER($L57),ISNUMBER($M57),$M57<$L57),"Tgl Publish < Tgl buat",""),IF(TRIM($N57)="","Status kosong",IF(ISERROR(MATCH(TRIM($N57),{"Draft","Menunggu Review","Revisi","Terjadwal","Upload","Publish","Published","Batal"},0)),"Status di luar daftar","")))),"")) | S57: =IF(AND($A57<>"",$C57<>""),IF(COUNTIFS($A$2:$A$1000,$A57,$C$2:$C$1000,$C57)>1,"DUPLICAT",""),"")
... P1000: =IF(AND(ISNUMBER($L1000),ISNUMBER($M1000)),MAX(0,$M1000-$L1000),"") | Q1000: =IF(ISNUMBER($D1000),MAX(0,TODAY()-$D1000),"") | R1000: =IF(COUNTA($A1000:$O1000)=0,"",IFERROR(TRIM(TEXTJOIN(" | ",TRUE,IF($A1000="","PC kosong",""),IF($C1000="","Worker ID kosong",""),IF($D1000="","Update Date kosong",IF(NOT(ISNUMBER($D1000)),"Update Date bukan tanggal","")),IF($E1000="","Song ID YT kosong",""),IF($F1000="","Judul kosong",""),IF(TRIM($G1000)="","",IF(ISERROR(MATCH(TRIM($G1000),{"TuneCore","DistroKid","TooLost","SoundOn","Ditto","Believe","CD Baby","Amuse","Symphonic Distribution","ONErpm","RouteNote","LANDR","Horus Music","Indie"},0)),"Aggregator di luar daftar","")),IF(TRIM($H1000)="","Genre kosong",IF((LEN(SUBSTITUTE(SUBSTITUTE(SUBSTITUTE(TRIM($H1000),"/",","),";",",")," ",""))-LEN(SUBSTITUTE(SUBSTITUTE(SUBSTITUTE(SUBSTITUTE(TRIM($H1000),"/",","),";",",")," ",""),",",""))+1)>2,"Genre maksimal 2",IF(SUMPRODUCT(--ISNUMBER(SEARCH(","&{"Pop","Jazz","Hip-Hop","Soul","Indie","Dangdut","Rock","R&B","Electronic","K-Pop","Nasional","Daerah","Alternative","Folk","Country","Metal","Reggae","Latin","Classical","Soundtrack","Gospel","Blues","Funk","EDM"}&",",","&SUBSTITUTE(SUBSTITUTE(SUBSTITUTE(TRIM($H1000),"/",","),";",",")," ","")&",")))<>(LEN(SUBSTITUTE(SUBSTITUTE(SUBSTITUTE(TRIM($H1000),"/",","),";",",")," ",""))-LEN(SUBSTITUTE(SUBSTITUTE(SUBSTITUTE(SUBSTITUTE(TRIM($H1000),"/",","),";",",")," ",""),",",""))+1),"Genre di luar daftar",""))),IF($I1000="","Nama Channel kosong",""),IF($J1000="","Link Channel kosong",IF(ISERROR(SEARCH("youtu",$J1000)),"Link Channel bukan youtube","")),IF($K1000="","Link Video kosong",IF(ISERROR(SEARCH("youtu",$K1000)),"Link Video bukan youtube","")),IF($L1000="","Tgl Dibuat kosong",IF(NOT(ISNUMBER($L1000)),"Tgl Dibuat bukan tanggal","")),IF(AND($M1000<>"",NOT(ISNUMBER($M1000))),"Tgl Publish bukan tanggal",""),IF(AND(ISNUMBER($L1000),ISNUMBER($M1000),$M1000<$L1000),"Tgl Publish < Tgl buat",""),IF(TRIM($N1000)="","Status kosong",IF(ISERROR(MATCH(TRIM($N1000),{"Draft","Menunggu Review","Revisi","Terjadwal","Upload","Publish","Published","Batal"},0)),"Status di luar daftar","")))),"")) | S1000: =IF(AND($A1000<>"",$C1000<>""),IF(COUNTIFS($A$2:$A$1000,$A1000,$C$2:$C$1000,$C1000)>1,"DUPLICAT",""),"")

Sheet Kumpulan Video
A1: PC | B1: Worker ID | C1: Song ID YT | D1: Judul Lagu Kompilasi | E1: Nama Channel | F1: Link Video YT | G1: Status Upload | H1: Tanggal Video Dibuat | I1: Tanggal Video Dipublish
A2: PC 01 | B2: W01 | C2: W01-16102026-001 | D2: PLAN B | E2: MOONELLE | F2: https://youtu.be/bI8jj576Pdg?si=L99J46Ek0fErrnfT | G2: Upload | H2: 46311 | I2: 46311
A3: PC 01 | C3: W01-17102016-001 | D3: SHMPHONY OF US | E3: MOONELLE | F3: https://youtu.be/eUdT66_D1G0?si=1C5oFfeh3sLXcBwe | G3: Upload | H3: 46312
A4: PC 01 | C4: W01-17102016-002 | D4: WAITING IN THE WINGS | E4: MOONELLE | F4: https://youtu.be/mvnZCMT6OKA?si=cvLDQ2J0LoJeBFI7
A5: PC 01 | C5: W01-19102026-001 | D5: HALLWAY MEMORIES | E5: MOONELLE | F5: https://youtu.be/V8Sq6eCqMHY?si=zDsf9y_PpiLsjJK1
A6: PC 01 | C6: W01-19102026-003 | D6: HIGH ABOVE THE NOISE | E6: MOONELLE | F6: https://youtu.be/Q9IxyuhXOvU?si=iEY5l_dq_2MAw08G
A7: PC 01 | C7: W01-19102026-005 | D7: LIITLE STAR IN MY ARMS | E7: MOONELLE | F7: https://youtu.be/sTsYW0sN8V8?si=D1lH7t1qnXGGPgcw
A8: PC 01 | C8: W01-20102026-001 | D8: BLOOM | E8: MOONELLE | F8: https://youtu.be/XsJ1rfBIhxg?si=BTsceuMqheDDWgCG
A9: PC 01 | D9: DANCING IN THE DRIZZLE | E9: MOONELLE | F9: https://youtu.be/avl-KInETVs?si=xa27wpZyqZwv1CdD
A10: PC 01 | D10: KNOT MY CHEST | E10: MOONELLE | F10: https://youtu.be/zvyVbevsE3k?si=_ee8YEc2E327Xd-7
A11: PC 09 | B11: PC18-0001 | C11: W18 -23102026-001 | D11: Borrowed Library Silence | E11: Kade Valen | F11: https://youtu.be/2jFFvQX0pNo?si=Wbs7qnbUcStGSg5i | G11: Published | H11: 46304 | I11: 46311
A12: PC 09 | B12: PC18-0002 | C12: W18 -23102026-002 | D12: An Apology from Next Tuesday | E12: Kade Valen | F12: https://youtu.be/dThJRAp80q4?si=eyncqnNYapdvYNvL | G12: Published | H12: 46304 | I12: 46314
A13: PC 09 | B13: PC18-0003 | C13: W18 -23102026-003 | D13: Honest Mistake | E13: Kade Valen | F13: https://youtu.be/8qZ9g0PENVU?si=bOOwn_UrvTb-IjZL | G13: Published | H13: 46304 | I13: 46314
A14: PC 09 | B14: PC18-0004 | C14: W18 -23102026-004 | D14: Common Ground | E14: Kade Valen | F14: https://youtu.be/uFvUzYAzGv4?si=96iq0yXAxXWXRbcK | G14: Published | H14: 46304 | I14: 46314
A15: PC 09 | B15: PC18-0005 | C15: W18 -23102026-005 | D15: Gravity Well | E15: Kade Valen | F15: https://youtu.be/x8ox5nPhrP4?si=lBvl3FPxmRjrMc1l | G15: Published | H15: 46304 | I15: 46314
A16: PC 09 | B16: PC18-0006 | C16: W18 -23102026-006 | D16: Right of Way | E16: Kade Valen | F16: https://youtu.be/oAfSK_ToUw4?si=bKjD_2PvqR7rdWQB | G16: Published | H16: 46304 | I16: 46315
A17: PC 09 | B17: PC18-0007 | C17: W18 -23102026-007 | D17: Magnetic Field | E17: Kade Valen | F17: https://youtu.be/6ANvV0_KhNE?si=PD-VrK7Cw2YAkfqF | G17: Published | H17: 46304 | I17: 46315
A18: PC 09 | B18: PC18-0008 | C18: W18 -23102026-008 | D18: Headwind | E18: Kade Valen | F18: https://youtu.be/Oyi7mUFtaQQ?si=jkq7H3dE_qo0K3X8 | G18: Published | H18: 46304 | I18: 46315
A19: PC 09 | B19: PC18-0009 | C19: W18 -23102026-009 | D19: Seed Bank | E19: Kade Valen | F19: https://youtu.be/uJH1V6L8mLw?si=TUZG9aIBg7b_eb78 | G19: Published | H19: 46304 | I19: 46315
A20: PC 09 | B20: PC18-0010 | C20: W18 -23102026-010 | D20: Pergola | E20: Kade Valen | F20: https://youtu.be/KMboLJ1TqKs?si=84_voqFwOPiYpCKV | G20: Published | H20: 46304 | I20: 46315
A21: PC 09 | B21: PC18-0011 | C21: W18 -23102026-011 | D21: Static Screen Goodnight | E21: Kade Valen | F21: https://youtu.be/16WKdck3od4?si=JNOz9TiAA07BCLX3 | G21: Published | H21: 46304 | I21: 46316
A22: PC 09 | B22: PC18-0012 | C22: W18 -23102026-012 | D22: Sized Constellations | E22: Kade Valen | F22: https://youtu.be/_Ivq2u047GY?si=2qDaFM7sORWVEpsw | G22: Published | H22: 46305 | I22: 46316
... A34: PC 09 | B34: PC18-0024 | C34: W18 -23102026-024 | D34: Nothing To Defend | E34: Kade Valen | F34: https://youtu.be/pWraEljvKeI?si=kheZJXId_CTDD_BZ | G34: Terjadwal | H34: 46305 | I34: 46318

Sheet KAMUS_KOLOM
A1: Kolom Master | B1: Asal Kolom | C1: Tipe | D1: Format/Nilai | E1: Wajib? | F1: Aturan
A2: PC | B2: nama file/tab sumber | C2: enum | D2: PC NN (01..12) | E2: wajib | F2: dropdown; tidak boleh di luar daftar
A3: Nama Karyawan | B3: baru (opsional) | C3: teks | D3: nama lengkap | E3: opsional | F3: satu karyawan boleh beberapa PC
A4: Worker ID | B4: Worker ID sumber | C4: teks | D4: PC07-0001 (disarankan) | E4: wajib | F4: unik di dalam PC
A5: Update Date | B5: Update Date sumber | C5: tanggal-jam | D5: YYYY-MM-DD HH:MM | E5: wajib | F5: harus benar-benar bertipe tanggal
A6: Song ID YT | B6: Song ID YT sumber (trim spasi) | C6: teks | D6: ID video, contoh x7pB0nE1g4M | E6: wajib | F6: bukan URL
A7: Judul Lagu Kompilasi | B7: Judul Lagu Kompilasi sumber | C7: teks | D7: judul bebas | E7: wajib | F7: tanpa pindah baris
A8: Aggregator | B8: Aggregator sumber | C8: enum | D8: TuneCore, DistroKid, TooLost, SoundOn, Ditto, Believe, CD Baby, Amuse, Symphonic Distribution, ONErpm, RouteNote, LANDR, Horus Music, Indie | E8: opsional | F8: dropdown daftar baku
A9: Genre | B9: Genre sumber (trim spasi) | C9: enum | D9: Pop, Jazz, Hip-Hop, Soul, Indie, Dangdut, Rock, R&B, Electronic, K-Pop, Nasional, Daerah, Alternative, Folk, Country, Metal, Reggae, Latin, Classical, Soundtrack, Gospel, Blues, Funk, EDM | E9: wajib | F9: pilih 1-2, pisahkan koma
A10: Nama Channel | B10: Nama Channel sumber | C10: teks | D10: nama persis channel | E10: wajib | F10: satu PC bisa >1 channel
A11: Link Channel YT | B11: Link Channel YT sumber | C11: URL | D11: https://www.youtube.com/@... atau https://youtu.be/... | E11: wajib | F11: boleh youtube.com atau youtu.be
A12: Link Video YT | B12: Link Video YT sumber | C12: URL | D12: https://www.youtube.com/watch?v=... atau https://youtu.be/... | E12: wajib | F12: boleh youtube.com atau youtu.be
... A20: Duplikat? | B20: formula S | C20: enum | D20: DUPLICAT / kosong | E20: otomatis | F20: berdasarkan (PC, Worker ID)

Sheet RINGKASAN
A1: PC | B1: Spreadsheet ID | C1: Baris Data | D1: Link Video Kosong | E1: Genre Kosong | F1: Status Kosong | G1: Status Invalid | H1: Duplikat | I1: Link Video Bukan YouTube | J1: Rata-rata Masa Produksi
A2: PC 01 | B2: 1zyh70PK5RKhZU1ncTr5yDBIitVcT-d6aS71qqRR2hd0 | C2: =SUMPRODUCT(--('RAW_PC01'!$D$2:$D$1000<>"")) | D2: =SUMPRODUCT(('RAW_PC01'!$D$2:$D$1000<>"")*('RAW_PC01'!$I$2:$I$1000="")) | E2: =SUMPRODUCT(('RAW_PC01'!$D$2:$D$1000<>"")*('RAW_PC01'!$F$2:$F$1000="")) | F2: =SUMPRODUCT(('RAW_PC01'!$D$2:$D$1000<>"")*('RAW_PC01'!$L$2:$L$1000="")) | G2: =SUMPRODUCT(('RAW_PC01'!$D$2:$D$1000<>"")*('RAW_PC01'!$L$2:$L$1000<>"")*ISERROR(MATCH('RAW_PC01'!$L$2:$L$1000,{"Draft","Menunggu Review","Revisi","Terjadwal","Upload","Publish","Published","Batal"},0))) | H2: =SUMPRODUCT(--(COUNTIF('RAW_PC01'!$A$2:$A$1000,'RAW_PC01'!$A$2:$A$1000)>1)*('RAW_PC01'!$A$2:$A$1000<>"")) | I2: =SUMPRODUCT(('RAW_PC01'!$D$2:$D$1000<>"")*('RAW_PC01'!$I$2:$I$1000<>""))-SUMPRODUCT(--ISNUMBER(SEARCH("youtu",'RAW_PC01'!$I$2:$I$1000&""))) | J2: =IFERROR(SUMPRODUCT(ISNUMBER('RAW_PC01'!$J$2:$J$1000)*ISNUMBER('RAW_PC01'!$K$2:$K$1000)*('RAW_PC01'!$K$2:$K$1000>='RAW_PC01'!$J$2:$J$1000)*('RAW_PC01'!$K$2:$K$1000-'RAW_PC01'!$J$2:$J$1000))/SUMPRODUCT(ISNUMBER('RAW_PC01'!$J$2:$J$1000)*ISNUMBER('RAW_PC01'!$K$2:$K$1000)*('RAW_PC01'!$K$2:$K$1000>='RAW_PC01'!$J$2:$J$1000)),"")
A3: PC 02 | B3: 11rrPrMVpvnXkzCf3Eyr18SJ3vIGbYtarFEk9AqKiOl8 | C3: =SUMPRODUCT(--('RAW_PC02'!$D$2:$D$1000<>"")) | D3: =SUMPRODUCT(('RAW_PC02'!$D$2:$D$1000<>"")*('RAW_PC02'!$I$2:$I$1000="")) | E3: =SUMPRODUCT(('RAW_PC02'!$D$2:$D$1000<>"")*('RAW_PC02'!$F$2:$F$1000="")) | F3: =SUMPRODUCT(('RAW_PC02'!$D$2:$D$1000<>"")*('RAW_PC02'!$L$2:$L$1000="")) | G3: =SUMPRODUCT(('RAW_PC02'!$D$2:$D$1000<>"")*('RAW_PC02'!$L$2:$L$1000<>"")*ISERROR(MATCH('RAW_PC02'!$L$2:$L$1000,{"Draft","Menunggu Review","Revisi","Terjadwal","Upload","Publish","Published","Batal"},0))) | H3: =SUMPRODUCT(--(COUNTIF('RAW_PC02'!$A$2:$A$1000,'RAW_PC02'!$A$2:$A$1000)>1)*('RAW_PC02'!$A$2:$A$1000<>"")) | I3: =SUMPRODUCT(('RAW_PC02'!$D$2:$D$1000<>"")*('RAW_PC02'!$I$2:$I$1000<>""))-SUMPRODUCT(--ISNUMBER(SEARCH("youtu",'RAW_PC02'!$I$2:$I$1000&""))) | J3: =IFERROR(SUMPRODUCT(ISNUMBER('RAW_PC02'!$J$2:$J$1000)*ISNUMBER('RAW_PC02'!$K$2:$K$1000)*('RAW_PC02'!$K$2:$K$1000>='RAW_PC02'!$J$2:$J$1000)*('RAW_PC02'!$K$2:$K$1000-'RAW_PC02'!$J$2:$J$1000))/SUMPRODUCT(ISNUMBER('RAW_PC02'!$J$2:$J$1000)*ISNUMBER('RAW_PC02'!$K$2:$K$1000)*('RAW_PC02'!$K$2:$K$1000>='RAW_PC02'!$J$2:$J$1000)),"")
A4: PC 03 | B4: 1tf-vi6Eo4c1UMvKI0ddYbYgYg_dIC33IHmI1Cwx9hvs | C4: =SUMPRODUCT(--('RAW_PC03'!$D$2:$D$1000<>"")) | D4: =SUMPRODUCT(('RAW_PC03'!$D$2:$D$1000<>"")*('RAW_PC03'!$I$2:$I$1000="")) | E4: =SUMPRODUCT(('RAW_PC03'!$D$2:$D$1000<>"")*('RAW_PC03'!$F$2:$F$1000="")) | F4: =SUMPRODUCT(('RAW_PC03'!$D$2:$D$1000<>"")*('RAW_PC03'!$L$2:$L$1000="")) | G4: =SUMPRODUCT(('RAW_PC03'!$D$2:$D$1000<>"")*('RAW_PC03'!$L$2:$L$1000<>"")*ISERROR(MATCH('RAW_PC03'!$L$2:$L$1000,{"Draft","Menunggu Review","Revisi","Terjadwal","Upload","Publish","Published","Batal"},0))) | H4: =SUMPRODUCT(--(COUNTIF('RAW_PC03'!$A$2:$A$1000,'RAW_PC03'!$A$2:$A$1000)>1)*('RAW_PC03'!$A$2:$A$1000<>"")) | I4: =SUMPRODUCT(('RAW_PC03'!$D$2:$D$1000<>"")*('RAW_PC03'!$I$2:$I$1000<>""))-SUMPRODUCT(--ISNUMBER(SEARCH("youtu",'RAW_PC03'!$I$2:$I$1000&""))) | J4: =IFERROR(SUMPRODUCT(ISNUMBER('RAW_PC03'!$J$2:$J$1000)*ISNUMBER('RAW_PC03'!$K$2:$K$1000)*('RAW_PC03'!$K$2:$K$1000>='RAW_PC03'!$J$2:$J$1000)*('RAW_PC03'!$K$2:$K$1000-'RAW_PC03'!$J$2:$J$1000))/SUMPRODUCT(ISNUMBER('RAW_PC03'!$J$2:$J$1000)*ISNUMBER('RAW_PC03'!$K$2:$K$1000)*('RAW_PC03'!$K$2:$K$1000>='RAW_PC03'!$J$2:$J$1000)),"")
A5: PC 04 | B5: 1UrefG8uOVvi3h1Vm8k4MzCN3vrlVVrmGGOo9cqTUQLM | C5: =SUMPRODUCT(--('RAW_PC04'!$D$2:$D$1000<>"")) | D5: =SUMPRODUCT(('RAW_PC04'!$D$2:$D$1000<>"")*('RAW_PC04'!$I$2:$I$1000="")) | E5: =SUMPRODUCT(('RAW_PC04'!$D$2:$D$1000<>"")*('RAW_PC04'!$F$2:$F$1000="")) | F5: =SUMPRODUCT(('RAW_PC04'!$D$2:$D$1000<>"")*('RAW_PC04'!$L$2:$L$1000="")) | G5: =SUMPRODUCT(('RAW_PC04'!$D$2:$D$1000<>"")*('RAW_PC04'!$L$2:$L$1000<>"")*ISERROR(MATCH('RAW_PC04'!$L$2:$L$1000,{"Draft","Menunggu Review","Revisi","Terjadwal","Upload","Publish","Published","Batal"},0))) | H5: =SUMPRODUCT(--(COUNTIF('RAW_PC04'!$A$2:$A$1000,'RAW_PC04'!$A$2:$A$1000)>1)*('RAW_PC04'!$A$2:$A$1000<>"")) | I5: =SUMPRODUCT(('RAW_PC04'!$D$2:$D$1000<>"")*('RAW_PC04'!$I$2:$I$1000<>""))-SUMPRODUCT(--ISNUMBER(SEARCH("youtu",'RAW_PC04'!$I$2:$I$1000&""))) | J5: =IFERROR(SUMPRODUCT(ISNUMBER('RAW_PC04'!$J$2:$J$1000)*ISNUMBER('RAW_PC04'!$K$2:$K$1000)*('RAW_PC04'!$K$2:$K$1000>='RAW_PC04'!$J$2:$J$1000)*('RAW_PC04'!$K$2:$K$1000-'RAW_PC04'!$J$2:$J$1000))/SUMPRODUCT(ISNUMBER('RAW_PC04'!$J$2:$J$1000)*ISNUMBER('RAW_PC04'!$K$2:$K$1000)*('RAW_PC04'!$K$2:$K$1000>='RAW_PC04'!$J$2:$J$1000)),"")
A6: PC 05 | B6: 1WC4V1NNldEs7uS_Xld51393uiRI5p7eKxYgC5BlC5MY | C6: =SUMPRODUCT(--('RAW_PC05'!$D$2:$D$1000<>"")) | D6: =SUMPRODUCT(('RAW_PC05'!$D$2:$D$1000<>"")*('RAW_PC05'!$I$2:$I$1000="")) | E6: =SUMPRODUCT(('RAW_PC05'!$D$2:$D$1000<>"")*('RAW_PC05'!$F$2:$F$1000="")) | F6: =SUMPRODUCT(('RAW_PC05'!$D$2:$D$1000<>"")*('RAW_PC05'!$L$2:$L$1000="")) | G6: =SUMPRODUCT(('RAW_PC05'!$D$2:$D$1000<>"")*('RAW_PC05'!$L$2:$L$1000<>"")*ISERROR(MATCH('RAW_PC05'!$L$2:$L$1000,{"Draft","Menunggu Review","Revisi","Terjadwal","Upload","Publish","Published","Batal"},0))) | H6: =SUMPRODUCT(--(COUNTIF('RAW_PC05'!$A$2:$A$1000,'RAW_PC05'!$A$2:$A$1000)>1)*('RAW_PC05'!$A$2:$A$1000<>"")) | I6: =SUMPRODUCT(('RAW_PC05'!$D$2:$D$1000<>"")*('RAW_PC05'!$I$2:$I$1000<>""))-SUMPRODUCT(--ISNUMBER(SEARCH("youtu",'RAW_PC05'!$I$2:$I$1000&""))) | J6: =IFERROR(SUMPRODUCT(ISNUMBER('RAW_PC05'!$J$2:$J$1000)*ISNUMBER('RAW_PC05'!$K$2:$K$1000)*('RAW_PC05'!$K$2:$K$1000>='RAW_PC05'!$J$2:$J$1000)*('RAW_PC05'!$K$2:$K$1000-'RAW_PC05'!$J$2:$J$1000))/SUMPRODUCT(ISNUMBER('RAW_PC05'!$J$2:$J$1000)*ISNUMBER('RAW_PC05'!$K$2:$K$1000)*('RAW_PC05'!$K$2:$K$1000>='RAW_PC05'!$J$2:$J$1000)),"")
A7: PC 06 | B7: 168OJEbH7e1qnqa81nyyUy0ZTJYft4Y50cYUyEqubs48 | C7: =SUMPRODUCT(--('RAW_PC06'!$D$2:$D$1000<>"")) | D7: =SUMPRODUCT(('RAW_PC06'!$D$2:$D$1000<>"")*('RAW_PC06'!$I$2:$I$1000="")) | E7: =SUMPRODUCT(('RAW_PC06'!$D$2:$D$1000<>"")*('RAW_PC06'!$F$2:$F$1000="")) | F7: =SUMPRODUCT(('RAW_PC06'!$D$2:$D$1000<>"")*('RAW_PC06'!$L$2:$L$1000="")) | G7: =SUMPRODUCT(('RAW_PC06'!$D$2:$D$1000<>"")*('RAW_PC06'!$L$2:$L$1000<>"")*ISERROR(MATCH('RAW_PC06'!$L$2:$L$1000,{"Draft","Menunggu Review","Revisi","Terjadwal","Upload","Publish","Published","Batal"},0))) | H7: =SUMPRODUCT(--(COUNTIF('RAW_PC06'!$A$2:$A$1000,'RAW_PC06'!$A$2:$A$1000)>1)*('RAW_PC06'!$A$2:$A$1000<>"")) | I7: =SUMPRODUCT(('RAW_PC06'!$D$2:$D$1000<>"")*('RAW_PC06'!$I$2:$I$1000<>""))-SUMPRODUCT(--ISNUMBER(SEARCH("youtu",'RAW_PC06'!$I$2:$I$1000&""))) | J7: =IFERROR(SUMPRODUCT(ISNUMBER('RAW_PC06'!$J$2:$J$1000)*ISNUMBER('RAW_PC06'!$K$2:$K$1000)*('RAW_PC06'!$K$2:$K$1000>='RAW_PC06'!$J$2:$J$1000)*('RAW_PC06'!$K$2:$K$1000-'RAW_PC06'!$J$2:$J$1000))/SUMPRODUCT(ISNUMBER('RAW_PC06'!$J$2:$J$1000)*ISNUMBER('RAW_PC06'!$K$2:$K$1000)*('RAW_PC06'!$K$2:$K$1000>='RAW_PC06'!$J$2:$J$1000)),"")
A8: PC 07 | B8: 1wwz_1KFb9PpJW47tzZqoOqb2LaYl6JRvko5-WiommwM | C8: =SUMPRODUCT(--('RAW_PC07'!$D$2:$D$1000<>"")) | D8: =SUMPRODUCT(('RAW_PC07'!$D$2:$D$1000<>"")*('RAW_PC07'!$I$2:$I$1000="")) | E8: =SUMPRODUCT(('RAW_PC07'!$D$2:$D$1000<>"")*('RAW_PC07'!$F$2:$F$1000="")) | F8: =SUMPRODUCT(('RAW_PC07'!$D$2:$D$1000<>"")*('RAW_PC07'!$L$2:$L$1000="")) | G8: =SUMPRODUCT(('RAW_PC07'!$D$2:$D$1000<>"")*('RAW_PC07'!$L$2:$L$1000<>"")*ISERROR(MATCH('RAW_PC07'!$L$2:$L$1000,{"Draft","Menunggu Review","Revisi","Terjadwal","Upload","Publish","Published","Batal"},0))) | H8: =SUMPRODUCT(--(COUNTIF('RAW_PC07'!$A$2:$A$1000,'RAW_PC07'!$A$2:$A$1000)>1)*('RAW_PC07'!$A$2:$A$1000<>"")) | I8: =SUMPRODUCT(('RAW_PC07'!$D$2:$D$1000<>"")*('RAW_PC07'!$I$2:$I$1000<>""))-SUMPRODUCT(--ISNUMBER(SEARCH("youtu",'RAW_PC07'!$I$2:$I$1000&""))) | J8: =IFERROR(SUMPRODUCT(ISNUMBER('RAW_PC07'!$J$2:$J$1000)*ISNUMBER('RAW_PC07'!$K$2:$K$1000)*('RAW_PC07'!$K$2:$K$1000>='RAW_PC07'!$J$2:$J$1000)*('RAW_PC07'!$K$2:$K$1000-'RAW_PC07'!$J$2:$J$1000))/SUMPRODUCT(ISNUMBER('RAW_PC07'!$J$2:$J$1000)*ISNUMBER('RAW_PC07'!$K$2:$K$1000)*('RAW_PC07'!$K$2:$K$1000>='RAW_PC07'!$J$2:$J$1000)),"")
A9: PC 08 | B9: 1GlKsgFKe7JGm9lgOKt-4tH2DRZA0r_Xfxf89dpb1Sac | C9: =SUMPRODUCT(--('RAW_PC08'!$D$2:$D$1000<>"")) | D9: =SUMPRODUCT(('RAW_PC08'!$D$2:$D$1000<>"")*('RAW_PC08'!$I$2:$I$1000="")) | E9: =SUMPRODUCT(('RAW_PC08'!$D$2:$D$1000<>"")*('RAW_PC08'!$F$2:$F$1000="")) | F9: =SUMPRODUCT(('RAW_PC08'!$D$2:$D$1000<>"")*('RAW_PC08'!$L$2:$L$1000="")) | G9: =SUMPRODUCT(('RAW_PC08'!$D$2:$D$1000<>"")*('RAW_PC08'!$L$2:$L$1000<>"")*ISERROR(MATCH('RAW_PC08'!$L$2:$L$1000,{"Draft","Menunggu Review","Revisi","Terjadwal","Upload","Publish","Published","Batal"},0))) | H9: =SUMPRODUCT(--(COUNTIF('RAW_PC08'!$A$2:$A$1000,'RAW_PC08'!$A$2:$A$1000)>1)*('RAW_PC08'!$A$2:$A$1000<>"")) | I9: =SUMPRODUCT(('RAW_PC08'!$D$2:$D$1000<>"")*('RAW_PC08'!$I$2:$I$1000<>""))-SUMPRODUCT(--ISNUMBER(SEARCH("youtu",'RAW_PC08'!$I$2:$I$1000&""))) | J9: =IFERROR(SUMPRODUCT(ISNUMBER('RAW_PC08'!$J$2:$J$1000)*ISNUMBER('RAW_PC08'!$K$2:$K$1000)*('RAW_PC08'!$K$2:$K$1000>='RAW_PC08'!$J$2:$J$1000)*('RAW_PC08'!$K$2:$K$1000-'RAW_PC08'!$J$2:$J$1000))/SUMPRODUCT(ISNUMBER('RAW_PC08'!$J$2:$J$1000)*ISNUMBER('RAW_PC08'!$K$2:$K$1000)*('RAW_PC08'!$K$2:$K$1000>='RAW_PC08'!$J$2:$J$1000)),"")
A10: PC 09 | B10: 1VwYa2VUseoVskqWsBmMoHp-Hqshnay2q11Bvwm2Tuzk | C10: =SUMPRODUCT(--('RAW_PC09'!$D$2:$D$1000<>"")) | D10: =SUMPRODUCT(('RAW_PC09'!$D$2:$D$1000<>"")*('RAW_PC09'!$I$2:$I$1000="")) | E10: =SUMPRODUCT(('RAW_PC09'!$D$2:$D$1000<>"")*('RAW_PC09'!$F$2:$F$1000="")) | F10: =SUMPRODUCT(('RAW_PC09'!$D$2:$D$1000<>"")*('RAW_PC09'!$L$2:$L$1000="")) | G10: =SUMPRODUCT(('RAW_PC09'!$D$2:$D$1000<>"")*('RAW_PC09'!$L$2:$L$1000<>"")*ISERROR(MATCH('RAW_PC09'!$L$2:$L$1000,{"Draft","Menunggu Review","Revisi","Terjadwal","Upload","Publish","Published","Batal"},0))) | H10: =SUMPRODUCT(--(COUNTIF('RAW_PC09'!$A$2:$A$1000,'RAW_PC09'!$A$2:$A$1000)>1)*('RAW_PC09'!$A$2:$A$1000<>"")) | I10: =SUMPRODUCT(('RAW_PC09'!$D$2:$D$1000<>"")*('RAW_PC09'!$I$2:$I$1000<>""))-SUMPRODUCT(--ISNUMBER(SEARCH("youtu",'RAW_PC09'!$I$2:$I$1000&""))) | J10: =IFERROR(SUMPRODUCT(ISNUMBER('RAW_PC09'!$J$2:$J$1000)*ISNUMBER('RAW_PC09'!$K$2:$K$1000)*('RAW_PC09'!$K$2:$K$1000>='RAW_PC09'!$J$2:$J$1000)*('RAW_PC09'!$K$2:$K$1000-'RAW_PC09'!$J$2:$J$1000))/SUMPRODUCT(ISNUMBER('RAW_PC09'!$J$2:$J$1000)*ISNUMBER('RAW_PC09'!$K$2:$K$1000)*('RAW_PC09'!$K$2:$K$1000>='RAW_PC09'!$J$2:$J$1000)),"")
A11: PC 10 | B11: 1pUaz4vPmOKyplO5LHm7nRLLcjDRFRgYLNC0lsRuxT1U | C11: =SUMPRODUCT(--('RAW_PC10'!$D$2:$D$1000<>"")) | D11: =SUMPRODUCT(('RAW_PC10'!$D$2:$D$1000<>"")*('RAW_PC10'!$I$2:$I$1000="")) | E11: =SUMPRODUCT(('RAW_PC10'!$D$2:$D$1000<>"")*('RAW_PC10'!$F$2:$F$1000="")) | F11: =SUMPRODUCT(('RAW_PC10'!$D$2:$D$1000<>"")*('RAW_PC10'!$L$2:$L$1000="")) | G11: =SUMPRODUCT(('RAW_PC10'!$D$2:$D$1000<>"")*('RAW_PC10'!$L$2:$L$1000<>"")*ISERROR(MATCH('RAW_PC10'!$L$2:$L$1000,{"Draft","Menunggu Review","Revisi","Terjadwal","Upload","Publish","Published","Batal"},0))) | H11: =SUMPRODUCT(--(COUNTIF('RAW_PC10'!$A$2:$A$1000,'RAW_PC10'!$A$2:$A$1000)>1)*('RAW_PC10'!$A$2:$A$1000<>"")) | I11: =SUMPRODUCT(('RAW_PC10'!$D$2:$D$1000<>"")*('RAW_PC10'!$I$2:$I$1000<>""))-SUMPRODUCT(--ISNUMBER(SEARCH("youtu",'RAW_PC10'!$I$2:$I$1000&""))) | J11: =IFERROR(SUMPRODUCT(ISNUMBER('RAW_PC10'!$J$2:$J$1000)*ISNUMBER('RAW_PC10'!$K$2:$K$1000)*('RAW_PC10'!$K$2:$K$1000>='RAW_PC10'!$J$2:$J$1000)*('RAW_PC10'!$K$2:$K$1000-'RAW_PC10'!$J$2:$J$1000))/SUMPRODUCT(ISNUMBER('RAW_PC10'!$J$2:$J$1000)*ISNUMBER('RAW_PC10'!$K$2:$K$1000)*('RAW_PC10'!$K$2:$K$1000>='RAW_PC10'!$J$2:$J$1000)),"")
A12: PC 11 | B12: 1W3ajRQiHjL4rqDQYWfkyYqAOQE_O7D42FQ5CWb6avMs | C12: =SUMPRODUCT(--('RAW_PC11'!$D$2:$D$1000<>"")) | D12: =SUMPRODUCT(('RAW_PC11'!$D$2:$D$1000<>"")*('RAW_PC11'!$I$2:$I$1000="")) | E12: =SUMPRODUCT(('RAW_PC11'!$D$2:$D$1000<>"")*('RAW_PC11'!$F$2:$F$1000="")) | F12: =SUMPRODUCT(('RAW_PC11'!$D$2:$D$1000<>"")*('RAW_PC11'!$L$2:$L$1000="")) | G12: =SUMPRODUCT(('RAW_PC11'!$D$2:$D$1000<>"")*('RAW_PC11'!$L$2:$L$1000<>"")*ISERROR(MATCH('RAW_PC11'!$L$2:$L$1000,{"Draft","Menunggu Review","Revisi","Terjadwal","Upload","Publish","Published","Batal"},0))) | H12: =SUMPRODUCT(--(COUNTIF('RAW_PC11'!$A$2:$A$1000,'RAW_PC11'!$A$2:$A$1000)>1)*('RAW_PC11'!$A$2:$A$1000<>"")) | I12: =SUMPRODUCT(('RAW_PC11'!$D$2:$D$1000<>"")*('RAW_PC11'!$I$2:$I$1000<>""))-SUMPRODUCT(--ISNUMBER(SEARCH("youtu",'RAW_PC11'!$I$2:$I$1000&""))) | J12: =IFERROR(SUMPRODUCT(ISNUMBER('RAW_PC11'!$J$2:$J$1000)*ISNUMBER('RAW_PC11'!$K$2:$K$1000)*('RAW_PC11'!$K$2:$K$1000>='RAW_PC11'!$J$2:$J$1000)*('RAW_PC11'!$K$2:$K$1000-'RAW_PC11'!$J$2:$J$1000))/SUMPRODUCT(ISNUMBER('RAW_PC11'!$J$2:$J$1000)*ISNUMBER('RAW_PC11'!$K$2:$K$1000)*('RAW_PC11'!$K$2:$K$1000>='RAW_PC11'!$J$2:$J$1000)),"")
A13: PC 12 | B13: 13ZTrmU9eZ0ltVSNirEcBuqq017_b-TB85qZEqfPPF5Q | C13: =SUMPRODUCT(--('RAW_PC12'!$D$2:$D$1000<>"")) | D13: =SUMPRODUCT(('RAW_PC12'!$D$2:$D$1000<>"")*('RAW_PC12'!$I$2:$I$1000="")) | E13: =SUMPRODUCT(('RAW_PC12'!$D$2:$D$1000<>"")*('RAW_PC12'!$F$2:$F$1000="")) | F13: =SUMPRODUCT(('RAW_PC12'!$D$2:$D$1000<>"")*('RAW_PC12'!$L$2:$L$1000="")) | G13: =SUMPRODUCT(('RAW_PC12'!$D$2:$D$1000<>"")*('RAW_PC12'!$L$2:$L$1000<>"")*ISERROR(MATCH('RAW_PC12'!$L$2:$L$1000,{"Draft","Menunggu Review","Revisi","Terjadwal","Upload","Publish","Published","Batal"},0))) | H13: =SUMPRODUCT(--(COUNTIF('RAW_PC12'!$A$2:$A$1000,'RAW_PC12'!$A$2:$A$1000)>1)*('RAW_PC12'!$A$2:$A$1000<>"")) | I13: =SUMPRODUCT(('RAW_PC12'!$D$2:$D$1000<>"")*('RAW_PC12'!$I$2:$I$1000<>""))-SUMPRODUCT(--ISNUMBER(SEARCH("youtu",'RAW_PC12'!$I$2:$I$1000&""))) | J13: =IFERROR(SUMPRODUCT(ISNUMBER('RAW_PC12'!$J$2:$J$1000)*ISNUMBER('RAW_PC12'!$K$2:$K$1000)*('RAW_PC12'!$K$2:$K$1000>='RAW_PC12'!$J$2:$J$1000)*('RAW_PC12'!$K$2:$K$1000-'RAW_PC12'!$J$2:$J$1000))/SUMPRODUCT(ISNUMBER('RAW_PC12'!$J$2:$J$1000)*ISNUMBER('RAW_PC12'!$K$2:$K$1000)*('RAW_PC12'!$K$2:$K$1000>='RAW_PC12'!$J$2:$J$1000)),"")
A15: Catatan: RINGKASAN lokal dihitung dari RAW_PC01..RAW_PC12; versi live memakai IMPORTRANGE. Link Video Kosong/Bukan YouTube dihitung dari kolom I. Kumpulan Video memakai LET+QUERY dari MASTER dan hanya memuat link video unik (kemunculan pertama).

Sheet VALIDASI_TEMPLATE
A1: Keterangan
A2: Apps Script akan membuat tab VALIDASI di tiap file PC memakai blok formula di bawah.
A3: Formula 'Masalah Ditemukan' per baris (tarik ke bawah):
A4: =IF(COUNTA($A2:$M2)<=1,"",TEXTJOIN(" | ",TRUE,IF($A2="","Worker ID kosong",""),IF($B2="","Update Date kosong",IF(NOT(ISNUMBER($B2)),"Update Date bukan tanggal","")),IF($C2="","Song ID YT kosong",""),IF($D2="","Judul kosong",""),IF(TRIM($E2)="","",IF(ISERROR(MATCH(TRIM($E2),{"TuneCore","DistroKid","TooLost","SoundOn","Ditto","Believe","CD Baby","Amuse","Symphonic Distribution","ONErpm","RouteNote","LANDR","Horus Music","Indie"},0)),"Aggregator di luar daftar","")),IF(TRIM($F2)="","Genre kosong",IF((LEN(SUBSTITUTE(SUBSTITUTE(SUBSTITUTE(TRIM($F2),"/",","),";",",")," ",""))-LEN(SUBSTITUTE(SUBSTITUTE(SUBSTITUTE(SUBSTITUTE(TRIM($F2),"/",","),";",",")," ",""),",",""))+1)>2,"Genre maksimal 2",IF(SUMPRODUCT(--ISNUMBER(SEARCH(","&{"Pop","Jazz","Hip-Hop","Soul","Indie","Dangdut","Rock","R&B","Electronic","K-Pop","Nasional","Daerah","Alternative","Folk","Country","Metal","Reggae","Latin","Classical","Soundtrack","Gospel","Blues","Funk","EDM"}&",",","&SUBSTITUTE(SUBSTITUTE(SUBSTITUTE(TRIM($F2),"/",","),";",",")," ","")&",")))<>(LEN(SUBSTITUTE(SUBSTITUTE(SUBSTITUTE(TRIM($F2),"/",","),";",",")," ",""))-LEN(SUBSTITUTE(SUBSTITUTE(SUBSTITUTE(SUBSTITUTE(TRIM($F2),"/",","),";",",")," ",""),",",""))+1),"Genre di luar daftar",""))),IF($G2="","Nama Channel kosong",""),IF($H2="","Link Channel kosong",IF(ISERROR(SEARCH("youtu",$H2)),"Link Channel bukan youtube","")),IF($I2="","Link Video kosong",IF(ISERROR(SEARCH("youtu",$I2)),"Link Video bukan youtube","")),IF($J2="","Tgl Dibuat kosong",IF(NOT(ISNUMBER($J2)),"Tgl Dibuat bukan tanggal","")),IF($K2="","",IF(NOT(ISNUMBER($K2)),"Tgl Publish bukan tanggal","")),IF(AND(ISNUMBER($J2),ISNUMBER($K2),$K2<$J2),"Tgl Publish < Tgl buat",""),IF(TRIM($L2)="","Status kosong",IF(ISERROR(MATCH(TRIM($L2),{"Draft","Menunggu Review","Revisi","Terjadwal","Upload","Publish","Published","Batal"},0)),"Status di luar daftar",""))))

Sheet TEMUAN_STRUKTUR
A1: No | B1: Temuan | C1: Dampak / Penyebab | D1: Kategori | E1: Perlakuan di Master
A2: 1 | B2: Spasi ekor pada header sumber (Song ID YT / Genre / PIC channel) | C2: Cek resep pembanding kolom; formula menonjok tidak cocok. | D2: Struktur | E2: Kolom master dibersihkan (tanpa spasi ekor); sumber tidak diubah.
A3: 2 | B3: Nama tab tidak konsisten (PC 1 vs PC 02) | C3: Formula antar file bisa patah bila nama tab berubah. | D3: Struktur | E3: Master memakai label PC 01..PC 12; source tetap dipertahankan.
A4: 3 | B4: Kolom 'Link YT' ambigu (channel / video) | C4: Berbahaya bagi analisis karena tipe data tidak eksplisit. | D4: Struktur | E4: Sumber sudah dipecah: H = Link Channel YT, I = Link Video YT; master J/K.
A5: 4 | B5: Note header I masih menyalin note Link Channel YT | C5: Petunjuk isi kolom video salah. | D5: Struktur | E5: installAll versi 13 kolom memperbaiki note I; note J-M ikut bergeser.
A6: 5 | B6: Link video PC 09 sempat hilang dari sumber | C6: Saat audit kolom I kosong; data lama hanya ada di backup. | D6: Data | E6: Saat verifikasi kolom I sudah terisi 24/24; backup output/backup/pc09_link_lama.csv tetap disimpan.
A7: 6 | B7: Tanggal berisiko disimpan sebagai teks | C7: Rumus selisih tanggal & pengurutan gagal. | D7: Data | E7: Master memakai number-format date + pemeriksaan Validasi Master.
A8: 7 | B8: Daftar status/aggregator/genre belum seragam | C8: Analisis agregat sulit karena variasi penulisan dan dropdown berbeda antar file. | D8: Struktur | E8: Daftar baku disimpan di config/validation_lists.json; dropdown master dan Apps Script memakai daftar yang sama.
A9: 8 | B9: Genre hanya mendukung satu nilai | C9: Kebutuhan genre silang (mis. Pop, Jazz) tidak bisa dicatat rapi. | D9: Struktur | E9: Validasi genre 1-2 nilai, dipisahkan koma; dropdown custom di master dan file PC.
A10: 9 | B10: Tab tersembunyi 'Extract' dan 'Refresh & manage' | C10: Berisikan header sama namun kosong; membingungkan parser. | D10: Struktur | E10: Tidak dimasukkan ke master; bisa diarsip melalui Apps Script jika diinginkan.
A11: 10 | B11: Sebagian file PC sudah berisi data | C11: PC 01 = 20 baris (16 link video); PC 09 = 24 baris (24 link video); PC lain header saja. | D11: Data | E11: Master tetap dibangun sebagai template; RINGKASAN live terisi setelah data masuk.
A12: 11 | B12: Tidak ada kolom Nama Karyawan di sumber | C12: Hubungan PC <-> karyawan tidak eksplisit. | D12: Struktur | E12: Master menambah kolom 'Nama Karyawan' (opsional).
A13: 12 | B13: Worker ID berpotensi tidak unik bila digabung antar PC | C13: Baris bisa saling menindih saat merge. | D13: Struktur | E13: Kunci master = (PC, Worker ID); flag DUPLICAT otomatis.
... A21: 20 | B21: 12 trigger lama dimiliki akun owner (Srijapar) | C21: Akun editor tidak dapat menghapus trigger milik akun lain; trigger menargetkan 12 file. | D21: Operasional | E21: Kode project PC 01 diperbarui ke 13 kolom; trigger lama tetap dipakai karena sudah mencakup 12 file. Jika owner menghapusnya, pasang ulang per file.

Sheet TEMPLET_PC
A1: Worker ID | B1: Update Date | C1: Song ID YT | D1: Judul Lagu Kompilasi | E1: Aggregator | F1: Genre | G1: Nama Channel | H1: Link Channel YT | I1: Link Video YT | J1: Tanggal Video Dibuat | K1: Tanggal Video Dipublish | L1: Status Upload | M1: PIC channel

Sheet RAW_PC01
A1: Worker ID | B1: Update Date | C1: Song ID YT | D1: Judul Lagu Kompilasi | E1: Aggregator | F1: Genre | G1: Nama Channel | H1: Link Channel YT | I1: Link Video YT | J1: Tanggal Video Dibuat | K1: Tanggal Video Dipublish | L1: Status Upload | M1: PIC channel | N1: col14
A2: W01 | B2: 46311 | C2: W01-16102026-001 | D2: PLAN B | E2: Distrokid | F2: POP | G2: MOONELLE | I2: https://youtu.be/bI8jj576Pdg?si=L99J46Ek0fErrnfT | J2: 46311 | K2: 46311 | L2: Upload
B3: 46311 | C3: W01-16102026-002 | D3: IN MY SHADOW | E3: Distrokid | F3: POP | G3: MOONELLE | I3: https://youtu.be/bI8jj576Pdg?si=L99J46Ek0fErrnfT | J3: 46311 | K3: 46311 | L3: Upload
C4: W01-17102016-001 | D4: SHMPHONY OF US | E4: Distrokid | F4: POP | G4: MOONELLE | I4: https://youtu.be/eUdT66_D1G0?si=1C5oFfeh3sLXcBwe | J4: 46312 | L4: Upload
C5: W01-17102016-002 | D5: WAITING IN THE WINGS | E5: Distrokid | F5: POP | G5: MOONELLE | I5: https://youtu.be/mvnZCMT6OKA?si=cvLDQ2J0LoJeBFI7
C6: W01-17102016-003 | D6: PETAL AND PROMISES | E6: Distrokid | F6: POP | G6: MOONELLE | I6: https://youtu.be/mvnZCMT6OKA?si=cvLDQ2J0LoJeBFI7
C7: W01-19102026-001 | D7: HALLWAY MEMORIES | E7: Toolost | F7: POP | G7: MOONELLE | I7: https://youtu.be/V8Sq6eCqMHY?si=zDsf9y_PpiLsjJK1
C8: W01-19102026-002 | D8: CHALK CIRCLES AND SPRINGKLERS | E8: Distrokid | F8: POP | G8: MOONELLE | I8: https://youtu.be/V8Sq6eCqMHY?si=zDsf9y_PpiLsjJK1
C9: W01-19102026-003 | D9: HIGH ABOVE THE NOISE | E9: Distrokid | F9: JAZZ | G9: MOONELLE | I9: https://youtu.be/Q9IxyuhXOvU?si=iEY5l_dq_2MAw08G
C10: W01-19102026-004 | D10: HAND THAT HELD ME | E10: Distrokid | F10: POP | G10: MOONELLE | I10: https://youtu.be/Q9IxyuhXOvU?si=iEY5l_dq_2MAw08G
C11: W01-19102026-005 | D11: LIITLE STAR IN MY ARMS | E11: Toolost | F11: POP | G11: MOONELLE | I11: https://youtu.be/sTsYW0sN8V8?si=D1lH7t1qnXGGPgcw
C12: W01-20102026-001 | D12: BLOOM | E12: Distrokid | F12: POP | G12: MOONELLE | I12: https://youtu.be/XsJ1rfBIhxg?si=BTsceuMqheDDWgCG
C13: W01-20102026-002 | D13: MIRROR IN THE WALL | E13: Distrokid | F13: POP | G13: MOONELLE | I13: https://youtu.be/XsJ1rfBIhxg?si=BTsceuMqheDDWgCG
D14: DANCING IN THE DRIZZLE | E14: Distrokid | F14: JAZZ | G14: MOONELLE | I14: https://youtu.be/avl-KInETVs?si=xa27wpZyqZwv1CdD
D15: FRONT ROW FEVER | E15: Distrokid | F15: JAZZ | G15: MOONELLE | I15: https://youtu.be/avl-KInETVs?si=xa27wpZyqZwv1CdD
D16: KNOT MY CHEST | E16: Distrokid | F16: JAZZ | G16: MOONELLE | I16: https://youtu.be/zvyVbevsE3k?si=_ee8YEc2E327Xd-7
D17: DEADLINE BREAKDOWN | E17: Distrokid | F17: JAZZ | G17: MOONELLE | I17: https://youtu.be/zvyVbevsE3k?si=_ee8YEc2E327Xd-7
D18: THE SHADOW OG HIS COAT
D19: SALTY BREEZE AND AZURE DREAMS
D20: SIDE BY SIDE
D21: CHASINGA FTER YOU

Sheet RAW_PC02
A1: Worker ID | B1: Update Date | C1: Song ID YT | D1: Judul Lagu Kompilasi | E1: Aggregator | F1: Genre | G1: Nama Channel | H1: Link Channel YT | I1: Link Video YT | J1: Tanggal Video Dibuat | K1: Tanggal Video Dipublish | L1: Status Upload | M1: PIC channel

Sheet RAW_PC03
A1: Worker ID | B1: Update Date | C1: Song ID YT | D1: Judul Lagu Kompilasi | E1: Aggregator | F1: Genre | G1: Nama Channel | H1: Link Channel YT | I1: Link Video YT | J1: Tanggal Video Dibuat | K1: Tanggal Video Dipublish | L1: Status Upload | M1: PIC channel

Sheet RAW_PC04
A1: Worker ID | B1: Update Date | C1: Song ID YT | D1: Judul Lagu Kompilasi | E1: Aggregator | F1: Genre | G1: Nama Channel | H1: Link Channel YT | I1: Link Video YT | J1: Tanggal Video Dibuat | K1: Tanggal Video Dipublish | L1: Status Upload | M1: PIC channel

Sheet RAW_PC05
A1: Worker ID | B1: Update Date | C1: Song ID YT | D1: Judul Lagu Kompilasi | E1: Aggregator | F1: Genre | G1: Nama Channel | H1: Link Channel YT | I1: Link Video YT | J1: Tanggal Video Dibuat | K1: Tanggal Video Dipublish | L1: Status Upload | M1: PIC channel

Sheet RAW_PC06
A1: Worker ID | B1: Update Date | C1: Song ID YT | D1: Judul Lagu Kompilasi | E1: Aggregator | F1: Genre | G1: Nama Channel | H1: Link Channel YT | I1: Link Video YT | J1: Tanggal Video Dibuat | K1: Tanggal Video Dipublish | L1: Status Upload | M1: PIC channel

Sheet RAW_PC07
A1: Worker ID | B1: Update Date | C1: Song ID YT | D1: Judul Lagu Kompilasi | E1: Aggregator | F1: Genre | G1: Nama Channel | H1: Link Channel YT | I1: Link Video YT | J1: Tanggal Video Dibuat | K1: Tanggal Video Dipublish | L1: Status Upload | M1: PIC channel

Sheet RAW_PC08
A1: Worker ID | B1: Update Date | C1: Song ID YT | D1: Judul Lagu Kompilasi | E1: Aggregator | F1: Genre | G1: Nama Channel | H1: Link Channel YT | I1: Link Video YT | J1: Tanggal Video Dibuat | K1: Tanggal Video Dipublish | L1: Status Upload | M1: PIC channel

Sheet RAW_PC09
A1: Worker ID | B1: Update Date | C1: Song ID YT | D1: Judul Lagu Kompilasi | E1: Aggregator | F1: Genre | G1: Nama Channel | H1: Link Channel YT | I1: Link Video YT | J1: Tanggal Video Dibuat | K1: Tanggal Video Dipublish | L1: Status Upload | M1: PIC channel
A2: PC18-0001 | B2: 46318 | C2: W18 -23102026-001 | D2: Borrowed Library Silence | E2: Tuncore | F2: Pop | G2: Kade Valen | H2: https://www.youtube.com/@KadeValen | I2: https://youtu.be/2jFFvQX0pNo?si=Wbs7qnbUcStGSg5i | J2: 46304 | K2: 46311 | L2: Published
A3: PC18-0002 | B3: 46318 | C3: W18 -23102026-002 | D3: An Apology from Next Tuesday | E3: Tuncore | F3: Pop | G3: Kade Valen | H3: https://www.youtube.com/@KadeValen | I3: https://youtu.be/dThJRAp80q4?si=eyncqnNYapdvYNvL | J3: 46304 | K3: 46314 | L3: Published
A4: PC18-0003 | B4: 46318 | C4: W18 -23102026-003 | D4: Honest Mistake | E4: Tuncore | F4: Pop | G4: Kade Valen | H4: https://www.youtube.com/@KadeValen | I4: https://youtu.be/8qZ9g0PENVU?si=bOOwn_UrvTb-IjZL | J4: 46304 | K4: 46314 | L4: Published
A5: PC18-0004 | B5: 46318 | C5: W18 -23102026-004 | D5: Common Ground | E5: Tuncore | F5: Pop | G5: Kade Valen | H5: https://www.youtube.com/@KadeValen | I5: https://youtu.be/uFvUzYAzGv4?si=96iq0yXAxXWXRbcK | J5: 46304 | K5: 46314 | L5: Published
A6: PC18-0005 | B6: 46318 | C6: W18 -23102026-005 | D6: Gravity Well | E6: Tuncore | F6: Pop | G6: Kade Valen | H6: https://www.youtube.com/@KadeValen | I6: https://youtu.be/x8ox5nPhrP4?si=lBvl3FPxmRjrMc1l | J6: 46304 | K6: 46314 | L6: Published
A7: PC18-0006 | B7: 46318 | C7: W18 -23102026-006 | D7: Right of Way | E7: Tuncore | F7: Pop | G7: Kade Valen | H7: https://www.youtube.com/@KadeValen | I7: https://youtu.be/oAfSK_ToUw4?si=bKjD_2PvqR7rdWQB | J7: 46304 | K7: 46315 | L7: Published
A8: PC18-0007 | B8: 46318 | C8: W18 -23102026-007 | D8: Magnetic Field | E8: Tuncore | F8: Pop | G8: Kade Valen | H8: https://www.youtube.com/@KadeValen | I8: https://youtu.be/6ANvV0_KhNE?si=PD-VrK7Cw2YAkfqF | J8: 46304 | K8: 46315 | L8: Published
A9: PC18-0008 | B9: 46318 | C9: W18 -23102026-008 | D9: Headwind | E9: Tuncore | F9: Pop | G9: Kade Valen | H9: https://www.youtube.com/@KadeValen | I9: https://youtu.be/Oyi7mUFtaQQ?si=jkq7H3dE_qo0K3X8 | J9: 46304 | K9: 46315 | L9: Published
A10: PC18-0009 | B10: 46318 | C10: W18 -23102026-009 | D10: Seed Bank | E10: Tuncore | F10: Pop | G10: Kade Valen | H10: https://www.youtube.com/@KadeValen | I10: https://youtu.be/uJH1V6L8mLw?si=TUZG9aIBg7b_eb78 | J10: 46304 | K10: 46315 | L10: Published
A11: PC18-0010 | B11: 46318 | C11: W18 -23102026-010 | D11: Pergola | E11: Tuncore | F11: Pop | G11: Kade Valen | H11: https://www.youtube.com/@KadeValen | I11: https://youtu.be/KMboLJ1TqKs?si=84_voqFwOPiYpCKV | J11: 46304 | K11: 46315 | L11: Published
A12: PC18-0011 | B12: 46318 | C12: W18 -23102026-011 | D12: Static Screen Goodnight | E12: Tuncore | F12: Pop | G12: Kade Valen | H12: https://www.youtube.com/@KadeValen | I12: https://youtu.be/16WKdck3od4?si=JNOz9TiAA07BCLX3 | J12: 46304 | K12: 46316 | L12: Published
A13: PC18-0012 | B13: 46318 | C13: W18 -23102026-012 | D13: Sized Constellations | E13: Tuncore | F13: Pop | G13: Kade Valen | H13: https://www.youtube.com/@KadeValen | I13: https://youtu.be/_Ivq2u047GY?si=2qDaFM7sORWVEpsw | J13: 46305 | K13: 46316 | L13: Published
... A25: PC18-0024 | B25: 46318 | C25: W18 -23102026-024 | D25: Nothing To Defend | E25: Tuncore | F25: Pop | G25: Kade Valen | H25: https://www.youtube.com/@KadeValen | I25: https://youtu.be/pWraEljvKeI?si=kheZJXId_CTDD_BZ | J25: 46305 | K25: 46318 | L25: Terjadwal

Sheet RAW_PC10
A1: Worker ID | B1: Update Date | C1: Song ID YT | D1: Judul Lagu Kompilasi | E1: Aggregator | F1: Genre | G1: Nama Channel | H1: Link Channel YT | I1: Link Video YT | J1: Tanggal Video Dibuat | K1: Tanggal Video Dipublish | L1: Status Upload | M1: PIC channel

Sheet RAW_PC11
A1: Worker ID | B1: Update Date | C1: Song ID YT | D1: Judul Lagu Kompilasi | E1: Aggregator | F1: Genre | G1: Nama Channel | H1: Link Channel YT | I1: Link Video YT | J1: Tanggal Video Dibuat | K1: Tanggal Video Dipublish | L1: Status Upload | M1: PIC channel

Sheet RAW_PC12
A1: Worker ID | B1: Update Date | C1: Song ID YT | D1: Judul Lagu Kompilasi | E1: Aggregator | F1: Genre | G1: Nama Channel | H1: Link Channel YT | I1: Link Video YT | J1: Tanggal Video Dibuat | K1: Tanggal Video Dipublish | L1: Status Upload | M1: PIC channel
