Workbook

Sheet PC 08
A1: Worker ID | B1: Update Date | C1: Song ID YT | D1: Judul Lagu Kompilasi | E1: Aggregator | F1: Genre | G1: Nama Channel | H1: Link Channel YT | I1: Link Video YT | J1: Tanggal Video Dibuat | K1: Tanggal Video Dipublish | L1: Status Upload | M1: PIC channel

Sheet VALIDASI
A1: Baris | B1: Worker ID | C1: Masalah Ditemukan | D1: Status Baris
A2: 2 | B2: ='PC 08'!A2 | C2: =IF(COUNTA('PC 08'!A2:L2)=0,"",TEXTJOIN(" | ",TRUE,IF('PC 08'!A2="","Worker ID kosong",""),IF('PC 08'!B2="","Update Date kosong",IF(NOT(ISNUMBER('PC 08'!B2)),"Update Date harus tanggal","")),IF('PC 08'!D2="","Judul kosong",""),IF('PC 08'!F2="","Genre kosong",IF(ISERROR(MATCH(TRIM('PC 08'!F2),{"Pop","Rock","Dangdut","K-Pop","Electronic","Nasional","Daerah"},0)),"Genre di luar daftar","")),IF('PC 08'!G2="","Nama Channel kosong",""),IF('PC 08'!H2="","Link kosong",IF(ISERROR(FIND("youtu",LOWER('PC 08'!H2))),"Link bukan youtube","")),IF('PC 08'!I2="","Tgl Dibuat kosong",IF(NOT(ISNUMBER('PC 08'!I2)),"Tgl Dibuat harus tanggal","")),IF(AND('PC 08'!J2<>"",NOT(ISNUMBER('PC 08'!J2))),"Tgl Publish harus tanggal",""),IF(AND(ISNUMBER('PC 08'!I2),ISNUMBER('PC 08'!J2),'PC 08'!J2<'PC 08'!I2),"Tgl Publish < Tgl Dibuat",""),IF(AND('PC 08'!K2<>"",ISERROR(MATCH(TRIM('PC 08'!K2),{"Draft","Menunggu Review","Revisi","Terjadwal","Publish","Batal","Published"},0))),"Status di luar daftar",""))) -> #ERROR! | D2: =IF(C2="","OK","ADA MASALAH") -> #ERROR!
A3: 3 | B3: ='PC 08'!A3 | C3: =IF(COUNTA('PC 08'!A3:L3)=0,"",TEXTJOIN(" | ",TRUE,IF('PC 08'!A3="","Worker ID kosong",""),IF('PC 08'!B3="","Update Date kosong",IF(NOT(ISNUMBER('PC 08'!B3)),"Update Date harus tanggal","")),IF('PC 08'!D3="","Judul kosong",""),IF('PC 08'!F3="","Genre kosong",IF(ISERROR(MATCH(TRIM('PC 08'!F3),{"Pop","Rock","Dangdut","K-Pop","Electronic","Nasional","Daerah"},0)),"Genre di luar daftar","")),IF('PC 08'!G3="","Nama Channel kosong",""),IF('PC 08'!H3="","Link kosong",IF(ISERROR(FIND("youtu",LOWER('PC 08'!H3))),"Link bukan youtube","")),IF('PC 08'!I3="","Tgl Dibuat kosong",IF(NOT(ISNUMBER('PC 08'!I3)),"Tgl Dibuat harus tanggal","")),IF(AND('PC 08'!J3<>"",NOT(ISNUMBER('PC 08'!J3))),"Tgl Publish harus tanggal",""),IF(AND(ISNUMBER('PC 08'!I3),ISNUMBER('PC 08'!J3),'PC 08'!J3<'PC 08'!I3),"Tgl Publish < Tgl Dibuat",""),IF(AND('PC 08'!K3<>"",ISERROR(MATCH(TRIM('PC 08'!K3),{"Draft","Menunggu Review","Revisi","Terjadwal","Publish","Batal","Published"},0))),"Status di luar daftar",""))) -> #ERROR! | D3: =IF(C3="","OK","ADA MASALAH") -> #ERROR!
A4: 4 | B4: ='PC 08'!A4 | C4: =IF(COUNTA('PC 08'!A4:L4)=0,"",TEXTJOIN(" | ",TRUE,IF('PC 08'!A4="","Worker ID kosong",""),IF('PC 08'!B4="","Update Date kosong",IF(NOT(ISNUMBER('PC 08'!B4)),"Update Date harus tanggal","")),IF('PC 08'!D4="","Judul kosong",""),IF('PC 08'!F4="","Genre kosong",IF(ISERROR(MATCH(TRIM('PC 08'!F4),{"Pop","Rock","Dangdut","K-Pop","Electronic","Nasional","Daerah"},0)),"Genre di luar daftar","")),IF('PC 08'!G4="","Nama Channel kosong",""),IF('PC 08'!H4="","Link kosong",IF(ISERROR(FIND("youtu",LOWER('PC 08'!H4))),"Link bukan youtube","")),IF('PC 08'!I4="","Tgl Dibuat kosong",IF(NOT(ISNUMBER('PC 08'!I4)),"Tgl Dibuat harus tanggal","")),IF(AND('PC 08'!J4<>"",NOT(ISNUMBER('PC 08'!J4))),"Tgl Publish harus tanggal",""),IF(AND(ISNUMBER('PC 08'!I4),ISNUMBER('PC 08'!J4),'PC 08'!J4<'PC 08'!I4),"Tgl Publish < Tgl Dibuat",""),IF(AND('PC 08'!K4<>"",ISERROR(MATCH(TRIM('PC 08'!K4),{"Draft","Menunggu Review","Revisi","Terjadwal","Publish","Batal","Published"},0))),"Status di luar daftar",""))) -> #ERROR! | D4: =IF(C4="","OK","ADA MASALAH") -> #ERROR!
A5: 5 | B5: ='PC 08'!A5 | C5: =IF(COUNTA('PC 08'!A5:L5)=0,"",TEXTJOIN(" | ",TRUE,IF('PC 08'!A5="","Worker ID kosong",""),IF('PC 08'!B5="","Update Date kosong",IF(NOT(ISNUMBER('PC 08'!B5)),"Update Date harus tanggal","")),IF('PC 08'!D5="","Judul kosong",""),IF('PC 08'!F5="","Genre kosong",IF(ISERROR(MATCH(TRIM('PC 08'!F5),{"Pop","Rock","Dangdut","K-Pop","Electronic","Nasional","Daerah"},0)),"Genre di luar daftar","")),IF('PC 08'!G5="","Nama Channel kosong",""),IF('PC 08'!H5="","Link kosong",IF(ISERROR(FIND("youtu",LOWER('PC 08'!H5))),"Link bukan youtube","")),IF('PC 08'!I5="","Tgl Dibuat kosong",IF(NOT(ISNUMBER('PC 08'!I5)),"Tgl Dibuat harus tanggal","")),IF(AND('PC 08'!J5<>"",NOT(ISNUMBER('PC 08'!J5))),"Tgl Publish harus tanggal",""),IF(AND(ISNUMBER('PC 08'!I5),ISNUMBER('PC 08'!J5),'PC 08'!J5<'PC 08'!I5),"Tgl Publish < Tgl Dibuat",""),IF(AND('PC 08'!K5<>"",ISERROR(MATCH(TRIM('PC 08'!K5),{"Draft","Menunggu Review","Revisi","Terjadwal","Publish","Batal","Published"},0))),"Status di luar daftar",""))) -> #ERROR! | D5: =IF(C5="","OK","ADA MASALAH") -> #ERROR!
A6: 6 | B6: ='PC 08'!A6 | C6: =IF(COUNTA('PC 08'!A6:L6)=0,"",TEXTJOIN(" | ",TRUE,IF('PC 08'!A6="","Worker ID kosong",""),IF('PC 08'!B6="","Update Date kosong",IF(NOT(ISNUMBER('PC 08'!B6)),"Update Date harus tanggal","")),IF('PC 08'!D6="","Judul kosong",""),IF('PC 08'!F6="","Genre kosong",IF(ISERROR(MATCH(TRIM('PC 08'!F6),{"Pop","Rock","Dangdut","K-Pop","Electronic","Nasional","Daerah"},0)),"Genre di luar daftar","")),IF('PC 08'!G6="","Nama Channel kosong",""),IF('PC 08'!H6="","Link kosong",IF(ISERROR(FIND("youtu",LOWER('PC 08'!H6))),"Link bukan youtube","")),IF('PC 08'!I6="","Tgl Dibuat kosong",IF(NOT(ISNUMBER('PC 08'!I6)),"Tgl Dibuat harus tanggal","")),IF(AND('PC 08'!J6<>"",NOT(ISNUMBER('PC 08'!J6))),"Tgl Publish harus tanggal",""),IF(AND(ISNUMBER('PC 08'!I6),ISNUMBER('PC 08'!J6),'PC 08'!J6<'PC 08'!I6),"Tgl Publish < Tgl Dibuat",""),IF(AND('PC 08'!K6<>"",ISERROR(MATCH(TRIM('PC 08'!K6),{"Draft","Menunggu Review","Revisi","Terjadwal","Publish","Batal","Published"},0))),"Status di luar daftar",""))) -> #ERROR! | D6: =IF(C6="","OK","ADA MASALAH") -> #ERROR!
A7: 7 | B7: ='PC 08'!A7 | C7: =IF(COUNTA('PC 08'!A7:L7)=0,"",TEXTJOIN(" | ",TRUE,IF('PC 08'!A7="","Worker ID kosong",""),IF('PC 08'!B7="","Update Date kosong",IF(NOT(ISNUMBER('PC 08'!B7)),"Update Date harus tanggal","")),IF('PC 08'!D7="","Judul kosong",""),IF('PC 08'!F7="","Genre kosong",IF(ISERROR(MATCH(TRIM('PC 08'!F7),{"Pop","Rock","Dangdut","K-Pop","Electronic","Nasional","Daerah"},0)),"Genre di luar daftar","")),IF('PC 08'!G7="","Nama Channel kosong",""),IF('PC 08'!H7="","Link kosong",IF(ISERROR(FIND("youtu",LOWER('PC 08'!H7))),"Link bukan youtube","")),IF('PC 08'!I7="","Tgl Dibuat kosong",IF(NOT(ISNUMBER('PC 08'!I7)),"Tgl Dibuat harus tanggal","")),IF(AND('PC 08'!J7<>"",NOT(ISNUMBER('PC 08'!J7))),"Tgl Publish harus tanggal",""),IF(AND(ISNUMBER('PC 08'!I7),ISNUMBER('PC 08'!J7),'PC 08'!J7<'PC 08'!I7),"Tgl Publish < Tgl Dibuat",""),IF(AND('PC 08'!K7<>"",ISERROR(MATCH(TRIM('PC 08'!K7),{"Draft","Menunggu Review","Revisi","Terjadwal","Publish","Batal","Published"},0))),"Status di luar daftar",""))) -> #ERROR! | D7: =IF(C7="","OK","ADA MASALAH") -> #ERROR!
A8: 8 | B8: ='PC 08'!A8 | C8: =IF(COUNTA('PC 08'!A8:L8)=0,"",TEXTJOIN(" | ",TRUE,IF('PC 08'!A8="","Worker ID kosong",""),IF('PC 08'!B8="","Update Date kosong",IF(NOT(ISNUMBER('PC 08'!B8)),"Update Date harus tanggal","")),IF('PC 08'!D8="","Judul kosong",""),IF('PC 08'!F8="","Genre kosong",IF(ISERROR(MATCH(TRIM('PC 08'!F8),{"Pop","Rock","Dangdut","K-Pop","Electronic","Nasional","Daerah"},0)),"Genre di luar daftar","")),IF('PC 08'!G8="","Nama Channel kosong",""),IF('PC 08'!H8="","Link kosong",IF(ISERROR(FIND("youtu",LOWER('PC 08'!H8))),"Link bukan youtube","")),IF('PC 08'!I8="","Tgl Dibuat kosong",IF(NOT(ISNUMBER('PC 08'!I8)),"Tgl Dibuat harus tanggal","")),IF(AND('PC 08'!J8<>"",NOT(ISNUMBER('PC 08'!J8))),"Tgl Publish harus tanggal",""),IF(AND(ISNUMBER('PC 08'!I8),ISNUMBER('PC 08'!J8),'PC 08'!J8<'PC 08'!I8),"Tgl Publish < Tgl Dibuat",""),IF(AND('PC 08'!K8<>"",ISERROR(MATCH(TRIM('PC 08'!K8),{"Draft","Menunggu Review","Revisi","Terjadwal","Publish","Batal","Published"},0))),"Status di luar daftar",""))) -> #ERROR! | D8: =IF(C8="","OK","ADA MASALAH") -> #ERROR!
A9: 9 | B9: ='PC 08'!A9 | C9: =IF(COUNTA('PC 08'!A9:L9)=0,"",TEXTJOIN(" | ",TRUE,IF('PC 08'!A9="","Worker ID kosong",""),IF('PC 08'!B9="","Update Date kosong",IF(NOT(ISNUMBER('PC 08'!B9)),"Update Date harus tanggal","")),IF('PC 08'!D9="","Judul kosong",""),IF('PC 08'!F9="","Genre kosong",IF(ISERROR(MATCH(TRIM('PC 08'!F9),{"Pop","Rock","Dangdut","K-Pop","Electronic","Nasional","Daerah"},0)),"Genre di luar daftar","")),IF('PC 08'!G9="","Nama Channel kosong",""),IF('PC 08'!H9="","Link kosong",IF(ISERROR(FIND("youtu",LOWER('PC 08'!H9))),"Link bukan youtube","")),IF('PC 08'!I9="","Tgl Dibuat kosong",IF(NOT(ISNUMBER('PC 08'!I9)),"Tgl Dibuat harus tanggal","")),IF(AND('PC 08'!J9<>"",NOT(ISNUMBER('PC 08'!J9))),"Tgl Publish harus tanggal",""),IF(AND(ISNUMBER('PC 08'!I9),ISNUMBER('PC 08'!J9),'PC 08'!J9<'PC 08'!I9),"Tgl Publish < Tgl Dibuat",""),IF(AND('PC 08'!K9<>"",ISERROR(MATCH(TRIM('PC 08'!K9),{"Draft","Menunggu Review","Revisi","Terjadwal","Publish","Batal","Published"},0))),"Status di luar daftar",""))) -> #ERROR! | D9: =IF(C9="","OK","ADA MASALAH") -> #ERROR!
A10: 10 | B10: ='PC 08'!A10 | C10: =IF(COUNTA('PC 08'!A10:L10)=0,"",TEXTJOIN(" | ",TRUE,IF('PC 08'!A10="","Worker ID kosong",""),IF('PC 08'!B10="","Update Date kosong",IF(NOT(ISNUMBER('PC 08'!B10)),"Update Date harus tanggal","")),IF('PC 08'!D10="","Judul kosong",""),IF('PC 08'!F10="","Genre kosong",IF(ISERROR(MATCH(TRIM('PC 08'!F10),{"Pop","Rock","Dangdut","K-Pop","Electronic","Nasional","Daerah"},0)),"Genre di luar daftar","")),IF('PC 08'!G10="","Nama Channel kosong",""),IF('PC 08'!H10="","Link kosong",IF(ISERROR(FIND("youtu",LOWER('PC 08'!H10))),"Link bukan youtube","")),IF('PC 08'!I10="","Tgl Dibuat kosong",IF(NOT(ISNUMBER('PC 08'!I10)),"Tgl Dibuat harus tanggal","")),IF(AND('PC 08'!J10<>"",NOT(ISNUMBER('PC 08'!J10))),"Tgl Publish harus tanggal",""),IF(AND(ISNUMBER('PC 08'!I10),ISNUMBER('PC 08'!J10),'PC 08'!J10<'PC 08'!I10),"Tgl Publish < Tgl Dibuat",""),IF(AND('PC 08'!K10<>"",ISERROR(MATCH(TRIM('PC 08'!K10),{"Draft","Menunggu Review","Revisi","Terjadwal","Publish","Batal","Published"},0))),"Status di luar daftar",""))) -> #ERROR! | D10: =IF(C10="","OK","ADA MASALAH") -> #ERROR!
A11: 11 | B11: ='PC 08'!A11 | C11: =IF(COUNTA('PC 08'!A11:L11)=0,"",TEXTJOIN(" | ",TRUE,IF('PC 08'!A11="","Worker ID kosong",""),IF('PC 08'!B11="","Update Date kosong",IF(NOT(ISNUMBER('PC 08'!B11)),"Update Date harus tanggal","")),IF('PC 08'!D11="","Judul kosong",""),IF('PC 08'!F11="","Genre kosong",IF(ISERROR(MATCH(TRIM('PC 08'!F11),{"Pop","Rock","Dangdut","K-Pop","Electronic","Nasional","Daerah"},0)),"Genre di luar daftar","")),IF('PC 08'!G11="","Nama Channel kosong",""),IF('PC 08'!H11="","Link kosong",IF(ISERROR(FIND("youtu",LOWER('PC 08'!H11))),"Link bukan youtube","")),IF('PC 08'!I11="","Tgl Dibuat kosong",IF(NOT(ISNUMBER('PC 08'!I11)),"Tgl Dibuat harus tanggal","")),IF(AND('PC 08'!J11<>"",NOT(ISNUMBER('PC 08'!J11))),"Tgl Publish harus tanggal",""),IF(AND(ISNUMBER('PC 08'!I11),ISNUMBER('PC 08'!J11),'PC 08'!J11<'PC 08'!I11),"Tgl Publish < Tgl Dibuat",""),IF(AND('PC 08'!K11<>"",ISERROR(MATCH(TRIM('PC 08'!K11),{"Draft","Menunggu Review","Revisi","Terjadwal","Publish","Batal","Published"},0))),"Status di luar daftar",""))) -> #ERROR! | D11: =IF(C11="","OK","ADA MASALAH") -> #ERROR!
A12: 12 | B12: ='PC 08'!A12 | C12: =IF(COUNTA('PC 08'!A12:L12)=0,"",TEXTJOIN(" | ",TRUE,IF('PC 08'!A12="","Worker ID kosong",""),IF('PC 08'!B12="","Update Date kosong",IF(NOT(ISNUMBER('PC 08'!B12)),"Update Date harus tanggal","")),IF('PC 08'!D12="","Judul kosong",""),IF('PC 08'!F12="","Genre kosong",IF(ISERROR(MATCH(TRIM('PC 08'!F12),{"Pop","Rock","Dangdut","K-Pop","Electronic","Nasional","Daerah"},0)),"Genre di luar daftar","")),IF('PC 08'!G12="","Nama Channel kosong",""),IF('PC 08'!H12="","Link kosong",IF(ISERROR(FIND("youtu",LOWER('PC 08'!H12))),"Link bukan youtube","")),IF('PC 08'!I12="","Tgl Dibuat kosong",IF(NOT(ISNUMBER('PC 08'!I12)),"Tgl Dibuat harus tanggal","")),IF(AND('PC 08'!J12<>"",NOT(ISNUMBER('PC 08'!J12))),"Tgl Publish harus tanggal",""),IF(AND(ISNUMBER('PC 08'!I12),ISNUMBER('PC 08'!J12),'PC 08'!J12<'PC 08'!I12),"Tgl Publish < Tgl Dibuat",""),IF(AND('PC 08'!K12<>"",ISERROR(MATCH(TRIM('PC 08'!K12),{"Draft","Menunggu Review","Revisi","Terjadwal","Publish","Batal","Published"},0))),"Status di luar daftar",""))) -> #ERROR! | D12: =IF(C12="","OK","ADA MASALAH") -> #ERROR!
A13: 13 | B13: ='PC 08'!A13 | C13: =IF(COUNTA('PC 08'!A13:L13)=0,"",TEXTJOIN(" | ",TRUE,IF('PC 08'!A13="","Worker ID kosong",""),IF('PC 08'!B13="","Update Date kosong",IF(NOT(ISNUMBER('PC 08'!B13)),"Update Date harus tanggal","")),IF('PC 08'!D13="","Judul kosong",""),IF('PC 08'!F13="","Genre kosong",IF(ISERROR(MATCH(TRIM('PC 08'!F13),{"Pop","Rock","Dangdut","K-Pop","Electronic","Nasional","Daerah"},0)),"Genre di luar daftar","")),IF('PC 08'!G13="","Nama Channel kosong",""),IF('PC 08'!H13="","Link kosong",IF(ISERROR(FIND("youtu",LOWER('PC 08'!H13))),"Link bukan youtube","")),IF('PC 08'!I13="","Tgl Dibuat kosong",IF(NOT(ISNUMBER('PC 08'!I13)),"Tgl Dibuat harus tanggal","")),IF(AND('PC 08'!J13<>"",NOT(ISNUMBER('PC 08'!J13))),"Tgl Publish harus tanggal",""),IF(AND(ISNUMBER('PC 08'!I13),ISNUMBER('PC 08'!J13),'PC 08'!J13<'PC 08'!I13),"Tgl Publish < Tgl Dibuat",""),IF(AND('PC 08'!K13<>"",ISERROR(MATCH(TRIM('PC 08'!K13),{"Draft","Menunggu Review","Revisi","Terjadwal","Publish","Batal","Published"},0))),"Status di luar daftar",""))) -> #ERROR! | D13: =IF(C13="","OK","ADA MASALAH") -> #ERROR!
... A500: 500 | B500: ='PC 08'!A500 | C500: =IF(COUNTA('PC 08'!A500:L500)=0,"",TEXTJOIN(" | ",TRUE,IF('PC 08'!A500="","Worker ID kosong",""),IF('PC 08'!B500="","Update Date kosong",IF(NOT(ISNUMBER('PC 08'!B500)),"Update Date harus tanggal","")),IF('PC 08'!D500="","Judul kosong",""),IF('PC 08'!F500="","Genre kosong",IF(ISERROR(MATCH(TRIM('PC 08'!F500),{"Pop","Rock","Dangdut","K-Pop","Electronic","Nasional","Daerah"},0)),"Genre di luar daftar","")),IF('PC 08'!G500="","Nama Channel kosong",""),IF('PC 08'!H500="","Link kosong",IF(ISERROR(FIND("youtu",LOWER('PC 08'!H500))),"Link bukan youtube","")),IF('PC 08'!I500="","Tgl Dibuat kosong",IF(NOT(ISNUMBER('PC 08'!I500)),"Tgl Dibuat harus tanggal","")),IF(AND('PC 08'!J500<>"",NOT(ISNUMBER('PC 08'!J500))),"Tgl Publish harus tanggal",""),IF(AND(ISNUMBER('PC 08'!I500),ISNUMBER('PC 08'!J500),'PC 08'!J500<'PC 08'!I500),"Tgl Publish < Tgl Dibuat",""),IF(AND('PC 08'!K500<>"",ISERROR(MATCH(TRIM('PC 08'!K500),{"Draft","Menunggu Review","Revisi","Terjadwal","Publish","Batal","Published"},0))),"Status di luar daftar",""))) -> #ERROR! | D500: =IF(C500="","OK","ADA MASALAH") -> #ERROR!
