Workbook

Sheet PC 07
A1: Worker ID | B1: Update Date | C1: Song ID YT | D1: Judul Lagu Kompilasi | E1: Aggregator | F1: Genre | G1: Nama Channel | H1: Link Channel YT | I1: Link Video YT | J1: Tanggal Video Dibuat | K1: Tanggal Video Dipublish | L1: Status Upload | M1: PIC channel

Sheet VALIDASI
A1: Baris | B1: Worker ID | C1: Masalah Ditemukan | D1: Status Baris
A2: 2 | B2: ='PC 07'!A2 | C2: =IF(COUNTA('PC 07'!A2:L2)=0,"",TEXTJOIN(" | ",TRUE,IF('PC 07'!A2="","Worker ID kosong",""),IF('PC 07'!B2="","Update Date kosong",IF(NOT(ISNUMBER('PC 07'!B2)),"Update Date harus tanggal","")),IF('PC 07'!D2="","Judul kosong",""),IF('PC 07'!F2="","Genre kosong",IF(ISERROR(MATCH(TRIM('PC 07'!F2),{"Pop","Rock","Dangdut","K-Pop","Electronic","Nasional","Daerah"},0)),"Genre di luar daftar","")),IF('PC 07'!G2="","Nama Channel kosong",""),IF('PC 07'!H2="","Link kosong",IF(ISERROR(FIND("youtu",LOWER('PC 07'!H2))),"Link bukan youtube","")),IF('PC 07'!I2="","Tgl Dibuat kosong",IF(NOT(ISNUMBER('PC 07'!I2)),"Tgl Dibuat harus tanggal","")),IF(AND('PC 07'!J2<>"",NOT(ISNUMBER('PC 07'!J2))),"Tgl Publish harus tanggal",""),IF(AND(ISNUMBER('PC 07'!I2),ISNUMBER('PC 07'!J2),'PC 07'!J2<'PC 07'!I2),"Tgl Publish < Tgl Dibuat",""),IF(AND('PC 07'!K2<>"",ISERROR(MATCH(TRIM('PC 07'!K2),{"Draft","Menunggu Review","Revisi","Terjadwal","Publish","Batal","Published"},0))),"Status di luar daftar",""))) -> #ERROR! | D2: =IF(C2="","OK","ADA MASALAH") -> #ERROR!
A3: 3 | B3: ='PC 07'!A3 | C3: =IF(COUNTA('PC 07'!A3:L3)=0,"",TEXTJOIN(" | ",TRUE,IF('PC 07'!A3="","Worker ID kosong",""),IF('PC 07'!B3="","Update Date kosong",IF(NOT(ISNUMBER('PC 07'!B3)),"Update Date harus tanggal","")),IF('PC 07'!D3="","Judul kosong",""),IF('PC 07'!F3="","Genre kosong",IF(ISERROR(MATCH(TRIM('PC 07'!F3),{"Pop","Rock","Dangdut","K-Pop","Electronic","Nasional","Daerah"},0)),"Genre di luar daftar","")),IF('PC 07'!G3="","Nama Channel kosong",""),IF('PC 07'!H3="","Link kosong",IF(ISERROR(FIND("youtu",LOWER('PC 07'!H3))),"Link bukan youtube","")),IF('PC 07'!I3="","Tgl Dibuat kosong",IF(NOT(ISNUMBER('PC 07'!I3)),"Tgl Dibuat harus tanggal","")),IF(AND('PC 07'!J3<>"",NOT(ISNUMBER('PC 07'!J3))),"Tgl Publish harus tanggal",""),IF(AND(ISNUMBER('PC 07'!I3),ISNUMBER('PC 07'!J3),'PC 07'!J3<'PC 07'!I3),"Tgl Publish < Tgl Dibuat",""),IF(AND('PC 07'!K3<>"",ISERROR(MATCH(TRIM('PC 07'!K3),{"Draft","Menunggu Review","Revisi","Terjadwal","Publish","Batal","Published"},0))),"Status di luar daftar",""))) -> #ERROR! | D3: =IF(C3="","OK","ADA MASALAH") -> #ERROR!
A4: 4 | B4: ='PC 07'!A4 | C4: =IF(COUNTA('PC 07'!A4:L4)=0,"",TEXTJOIN(" | ",TRUE,IF('PC 07'!A4="","Worker ID kosong",""),IF('PC 07'!B4="","Update Date kosong",IF(NOT(ISNUMBER('PC 07'!B4)),"Update Date harus tanggal","")),IF('PC 07'!D4="","Judul kosong",""),IF('PC 07'!F4="","Genre kosong",IF(ISERROR(MATCH(TRIM('PC 07'!F4),{"Pop","Rock","Dangdut","K-Pop","Electronic","Nasional","Daerah"},0)),"Genre di luar daftar","")),IF('PC 07'!G4="","Nama Channel kosong",""),IF('PC 07'!H4="","Link kosong",IF(ISERROR(FIND("youtu",LOWER('PC 07'!H4))),"Link bukan youtube","")),IF('PC 07'!I4="","Tgl Dibuat kosong",IF(NOT(ISNUMBER('PC 07'!I4)),"Tgl Dibuat harus tanggal","")),IF(AND('PC 07'!J4<>"",NOT(ISNUMBER('PC 07'!J4))),"Tgl Publish harus tanggal",""),IF(AND(ISNUMBER('PC 07'!I4),ISNUMBER('PC 07'!J4),'PC 07'!J4<'PC 07'!I4),"Tgl Publish < Tgl Dibuat",""),IF(AND('PC 07'!K4<>"",ISERROR(MATCH(TRIM('PC 07'!K4),{"Draft","Menunggu Review","Revisi","Terjadwal","Publish","Batal","Published"},0))),"Status di luar daftar",""))) -> #ERROR! | D4: =IF(C4="","OK","ADA MASALAH") -> #ERROR!
A5: 5 | B5: ='PC 07'!A5 | C5: =IF(COUNTA('PC 07'!A5:L5)=0,"",TEXTJOIN(" | ",TRUE,IF('PC 07'!A5="","Worker ID kosong",""),IF('PC 07'!B5="","Update Date kosong",IF(NOT(ISNUMBER('PC 07'!B5)),"Update Date harus tanggal","")),IF('PC 07'!D5="","Judul kosong",""),IF('PC 07'!F5="","Genre kosong",IF(ISERROR(MATCH(TRIM('PC 07'!F5),{"Pop","Rock","Dangdut","K-Pop","Electronic","Nasional","Daerah"},0)),"Genre di luar daftar","")),IF('PC 07'!G5="","Nama Channel kosong",""),IF('PC 07'!H5="","Link kosong",IF(ISERROR(FIND("youtu",LOWER('PC 07'!H5))),"Link bukan youtube","")),IF('PC 07'!I5="","Tgl Dibuat kosong",IF(NOT(ISNUMBER('PC 07'!I5)),"Tgl Dibuat harus tanggal","")),IF(AND('PC 07'!J5<>"",NOT(ISNUMBER('PC 07'!J5))),"Tgl Publish harus tanggal",""),IF(AND(ISNUMBER('PC 07'!I5),ISNUMBER('PC 07'!J5),'PC 07'!J5<'PC 07'!I5),"Tgl Publish < Tgl Dibuat",""),IF(AND('PC 07'!K5<>"",ISERROR(MATCH(TRIM('PC 07'!K5),{"Draft","Menunggu Review","Revisi","Terjadwal","Publish","Batal","Published"},0))),"Status di luar daftar",""))) -> #ERROR! | D5: =IF(C5="","OK","ADA MASALAH") -> #ERROR!
A6: 6 | B6: ='PC 07'!A6 | C6: =IF(COUNTA('PC 07'!A6:L6)=0,"",TEXTJOIN(" | ",TRUE,IF('PC 07'!A6="","Worker ID kosong",""),IF('PC 07'!B6="","Update Date kosong",IF(NOT(ISNUMBER('PC 07'!B6)),"Update Date harus tanggal","")),IF('PC 07'!D6="","Judul kosong",""),IF('PC 07'!F6="","Genre kosong",IF(ISERROR(MATCH(TRIM('PC 07'!F6),{"Pop","Rock","Dangdut","K-Pop","Electronic","Nasional","Daerah"},0)),"Genre di luar daftar","")),IF('PC 07'!G6="","Nama Channel kosong",""),IF('PC 07'!H6="","Link kosong",IF(ISERROR(FIND("youtu",LOWER('PC 07'!H6))),"Link bukan youtube","")),IF('PC 07'!I6="","Tgl Dibuat kosong",IF(NOT(ISNUMBER('PC 07'!I6)),"Tgl Dibuat harus tanggal","")),IF(AND('PC 07'!J6<>"",NOT(ISNUMBER('PC 07'!J6))),"Tgl Publish harus tanggal",""),IF(AND(ISNUMBER('PC 07'!I6),ISNUMBER('PC 07'!J6),'PC 07'!J6<'PC 07'!I6),"Tgl Publish < Tgl Dibuat",""),IF(AND('PC 07'!K6<>"",ISERROR(MATCH(TRIM('PC 07'!K6),{"Draft","Menunggu Review","Revisi","Terjadwal","Publish","Batal","Published"},0))),"Status di luar daftar",""))) -> #ERROR! | D6: =IF(C6="","OK","ADA MASALAH") -> #ERROR!
A7: 7 | B7: ='PC 07'!A7 | C7: =IF(COUNTA('PC 07'!A7:L7)=0,"",TEXTJOIN(" | ",TRUE,IF('PC 07'!A7="","Worker ID kosong",""),IF('PC 07'!B7="","Update Date kosong",IF(NOT(ISNUMBER('PC 07'!B7)),"Update Date harus tanggal","")),IF('PC 07'!D7="","Judul kosong",""),IF('PC 07'!F7="","Genre kosong",IF(ISERROR(MATCH(TRIM('PC 07'!F7),{"Pop","Rock","Dangdut","K-Pop","Electronic","Nasional","Daerah"},0)),"Genre di luar daftar","")),IF('PC 07'!G7="","Nama Channel kosong",""),IF('PC 07'!H7="","Link kosong",IF(ISERROR(FIND("youtu",LOWER('PC 07'!H7))),"Link bukan youtube","")),IF('PC 07'!I7="","Tgl Dibuat kosong",IF(NOT(ISNUMBER('PC 07'!I7)),"Tgl Dibuat harus tanggal","")),IF(AND('PC 07'!J7<>"",NOT(ISNUMBER('PC 07'!J7))),"Tgl Publish harus tanggal",""),IF(AND(ISNUMBER('PC 07'!I7),ISNUMBER('PC 07'!J7),'PC 07'!J7<'PC 07'!I7),"Tgl Publish < Tgl Dibuat",""),IF(AND('PC 07'!K7<>"",ISERROR(MATCH(TRIM('PC 07'!K7),{"Draft","Menunggu Review","Revisi","Terjadwal","Publish","Batal","Published"},0))),"Status di luar daftar",""))) -> #ERROR! | D7: =IF(C7="","OK","ADA MASALAH") -> #ERROR!
A8: 8 | B8: ='PC 07'!A8 | C8: =IF(COUNTA('PC 07'!A8:L8)=0,"",TEXTJOIN(" | ",TRUE,IF('PC 07'!A8="","Worker ID kosong",""),IF('PC 07'!B8="","Update Date kosong",IF(NOT(ISNUMBER('PC 07'!B8)),"Update Date harus tanggal","")),IF('PC 07'!D8="","Judul kosong",""),IF('PC 07'!F8="","Genre kosong",IF(ISERROR(MATCH(TRIM('PC 07'!F8),{"Pop","Rock","Dangdut","K-Pop","Electronic","Nasional","Daerah"},0)),"Genre di luar daftar","")),IF('PC 07'!G8="","Nama Channel kosong",""),IF('PC 07'!H8="","Link kosong",IF(ISERROR(FIND("youtu",LOWER('PC 07'!H8))),"Link bukan youtube","")),IF('PC 07'!I8="","Tgl Dibuat kosong",IF(NOT(ISNUMBER('PC 07'!I8)),"Tgl Dibuat harus tanggal","")),IF(AND('PC 07'!J8<>"",NOT(ISNUMBER('PC 07'!J8))),"Tgl Publish harus tanggal",""),IF(AND(ISNUMBER('PC 07'!I8),ISNUMBER('PC 07'!J8),'PC 07'!J8<'PC 07'!I8),"Tgl Publish < Tgl Dibuat",""),IF(AND('PC 07'!K8<>"",ISERROR(MATCH(TRIM('PC 07'!K8),{"Draft","Menunggu Review","Revisi","Terjadwal","Publish","Batal","Published"},0))),"Status di luar daftar",""))) -> #ERROR! | D8: =IF(C8="","OK","ADA MASALAH") -> #ERROR!
A9: 9 | B9: ='PC 07'!A9 | C9: =IF(COUNTA('PC 07'!A9:L9)=0,"",TEXTJOIN(" | ",TRUE,IF('PC 07'!A9="","Worker ID kosong",""),IF('PC 07'!B9="","Update Date kosong",IF(NOT(ISNUMBER('PC 07'!B9)),"Update Date harus tanggal","")),IF('PC 07'!D9="","Judul kosong",""),IF('PC 07'!F9="","Genre kosong",IF(ISERROR(MATCH(TRIM('PC 07'!F9),{"Pop","Rock","Dangdut","K-Pop","Electronic","Nasional","Daerah"},0)),"Genre di luar daftar","")),IF('PC 07'!G9="","Nama Channel kosong",""),IF('PC 07'!H9="","Link kosong",IF(ISERROR(FIND("youtu",LOWER('PC 07'!H9))),"Link bukan youtube","")),IF('PC 07'!I9="","Tgl Dibuat kosong",IF(NOT(ISNUMBER('PC 07'!I9)),"Tgl Dibuat harus tanggal","")),IF(AND('PC 07'!J9<>"",NOT(ISNUMBER('PC 07'!J9))),"Tgl Publish harus tanggal",""),IF(AND(ISNUMBER('PC 07'!I9),ISNUMBER('PC 07'!J9),'PC 07'!J9<'PC 07'!I9),"Tgl Publish < Tgl Dibuat",""),IF(AND('PC 07'!K9<>"",ISERROR(MATCH(TRIM('PC 07'!K9),{"Draft","Menunggu Review","Revisi","Terjadwal","Publish","Batal","Published"},0))),"Status di luar daftar",""))) -> #ERROR! | D9: =IF(C9="","OK","ADA MASALAH") -> #ERROR!
A10: 10 | B10: ='PC 07'!A10 | C10: =IF(COUNTA('PC 07'!A10:L10)=0,"",TEXTJOIN(" | ",TRUE,IF('PC 07'!A10="","Worker ID kosong",""),IF('PC 07'!B10="","Update Date kosong",IF(NOT(ISNUMBER('PC 07'!B10)),"Update Date harus tanggal","")),IF('PC 07'!D10="","Judul kosong",""),IF('PC 07'!F10="","Genre kosong",IF(ISERROR(MATCH(TRIM('PC 07'!F10),{"Pop","Rock","Dangdut","K-Pop","Electronic","Nasional","Daerah"},0)),"Genre di luar daftar","")),IF('PC 07'!G10="","Nama Channel kosong",""),IF('PC 07'!H10="","Link kosong",IF(ISERROR(FIND("youtu",LOWER('PC 07'!H10))),"Link bukan youtube","")),IF('PC 07'!I10="","Tgl Dibuat kosong",IF(NOT(ISNUMBER('PC 07'!I10)),"Tgl Dibuat harus tanggal","")),IF(AND('PC 07'!J10<>"",NOT(ISNUMBER('PC 07'!J10))),"Tgl Publish harus tanggal",""),IF(AND(ISNUMBER('PC 07'!I10),ISNUMBER('PC 07'!J10),'PC 07'!J10<'PC 07'!I10),"Tgl Publish < Tgl Dibuat",""),IF(AND('PC 07'!K10<>"",ISERROR(MATCH(TRIM('PC 07'!K10),{"Draft","Menunggu Review","Revisi","Terjadwal","Publish","Batal","Published"},0))),"Status di luar daftar",""))) -> #ERROR! | D10: =IF(C10="","OK","ADA MASALAH") -> #ERROR!
A11: 11 | B11: ='PC 07'!A11 | C11: =IF(COUNTA('PC 07'!A11:L11)=0,"",TEXTJOIN(" | ",TRUE,IF('PC 07'!A11="","Worker ID kosong",""),IF('PC 07'!B11="","Update Date kosong",IF(NOT(ISNUMBER('PC 07'!B11)),"Update Date harus tanggal","")),IF('PC 07'!D11="","Judul kosong",""),IF('PC 07'!F11="","Genre kosong",IF(ISERROR(MATCH(TRIM('PC 07'!F11),{"Pop","Rock","Dangdut","K-Pop","Electronic","Nasional","Daerah"},0)),"Genre di luar daftar","")),IF('PC 07'!G11="","Nama Channel kosong",""),IF('PC 07'!H11="","Link kosong",IF(ISERROR(FIND("youtu",LOWER('PC 07'!H11))),"Link bukan youtube","")),IF('PC 07'!I11="","Tgl Dibuat kosong",IF(NOT(ISNUMBER('PC 07'!I11)),"Tgl Dibuat harus tanggal","")),IF(AND('PC 07'!J11<>"",NOT(ISNUMBER('PC 07'!J11))),"Tgl Publish harus tanggal",""),IF(AND(ISNUMBER('PC 07'!I11),ISNUMBER('PC 07'!J11),'PC 07'!J11<'PC 07'!I11),"Tgl Publish < Tgl Dibuat",""),IF(AND('PC 07'!K11<>"",ISERROR(MATCH(TRIM('PC 07'!K11),{"Draft","Menunggu Review","Revisi","Terjadwal","Publish","Batal","Published"},0))),"Status di luar daftar",""))) -> #ERROR! | D11: =IF(C11="","OK","ADA MASALAH") -> #ERROR!
A12: 12 | B12: ='PC 07'!A12 | C12: =IF(COUNTA('PC 07'!A12:L12)=0,"",TEXTJOIN(" | ",TRUE,IF('PC 07'!A12="","Worker ID kosong",""),IF('PC 07'!B12="","Update Date kosong",IF(NOT(ISNUMBER('PC 07'!B12)),"Update Date harus tanggal","")),IF('PC 07'!D12="","Judul kosong",""),IF('PC 07'!F12="","Genre kosong",IF(ISERROR(MATCH(TRIM('PC 07'!F12),{"Pop","Rock","Dangdut","K-Pop","Electronic","Nasional","Daerah"},0)),"Genre di luar daftar","")),IF('PC 07'!G12="","Nama Channel kosong",""),IF('PC 07'!H12="","Link kosong",IF(ISERROR(FIND("youtu",LOWER('PC 07'!H12))),"Link bukan youtube","")),IF('PC 07'!I12="","Tgl Dibuat kosong",IF(NOT(ISNUMBER('PC 07'!I12)),"Tgl Dibuat harus tanggal","")),IF(AND('PC 07'!J12<>"",NOT(ISNUMBER('PC 07'!J12))),"Tgl Publish harus tanggal",""),IF(AND(ISNUMBER('PC 07'!I12),ISNUMBER('PC 07'!J12),'PC 07'!J12<'PC 07'!I12),"Tgl Publish < Tgl Dibuat",""),IF(AND('PC 07'!K12<>"",ISERROR(MATCH(TRIM('PC 07'!K12),{"Draft","Menunggu Review","Revisi","Terjadwal","Publish","Batal","Published"},0))),"Status di luar daftar",""))) -> #ERROR! | D12: =IF(C12="","OK","ADA MASALAH") -> #ERROR!
A13: 13 | B13: ='PC 07'!A13 | C13: =IF(COUNTA('PC 07'!A13:L13)=0,"",TEXTJOIN(" | ",TRUE,IF('PC 07'!A13="","Worker ID kosong",""),IF('PC 07'!B13="","Update Date kosong",IF(NOT(ISNUMBER('PC 07'!B13)),"Update Date harus tanggal","")),IF('PC 07'!D13="","Judul kosong",""),IF('PC 07'!F13="","Genre kosong",IF(ISERROR(MATCH(TRIM('PC 07'!F13),{"Pop","Rock","Dangdut","K-Pop","Electronic","Nasional","Daerah"},0)),"Genre di luar daftar","")),IF('PC 07'!G13="","Nama Channel kosong",""),IF('PC 07'!H13="","Link kosong",IF(ISERROR(FIND("youtu",LOWER('PC 07'!H13))),"Link bukan youtube","")),IF('PC 07'!I13="","Tgl Dibuat kosong",IF(NOT(ISNUMBER('PC 07'!I13)),"Tgl Dibuat harus tanggal","")),IF(AND('PC 07'!J13<>"",NOT(ISNUMBER('PC 07'!J13))),"Tgl Publish harus tanggal",""),IF(AND(ISNUMBER('PC 07'!I13),ISNUMBER('PC 07'!J13),'PC 07'!J13<'PC 07'!I13),"Tgl Publish < Tgl Dibuat",""),IF(AND('PC 07'!K13<>"",ISERROR(MATCH(TRIM('PC 07'!K13),{"Draft","Menunggu Review","Revisi","Terjadwal","Publish","Batal","Published"},0))),"Status di luar daftar",""))) -> #ERROR! | D13: =IF(C13="","OK","ADA MASALAH") -> #ERROR!
... A500: 500 | B500: ='PC 07'!A500 | C500: =IF(COUNTA('PC 07'!A500:L500)=0,"",TEXTJOIN(" | ",TRUE,IF('PC 07'!A500="","Worker ID kosong",""),IF('PC 07'!B500="","Update Date kosong",IF(NOT(ISNUMBER('PC 07'!B500)),"Update Date harus tanggal","")),IF('PC 07'!D500="","Judul kosong",""),IF('PC 07'!F500="","Genre kosong",IF(ISERROR(MATCH(TRIM('PC 07'!F500),{"Pop","Rock","Dangdut","K-Pop","Electronic","Nasional","Daerah"},0)),"Genre di luar daftar","")),IF('PC 07'!G500="","Nama Channel kosong",""),IF('PC 07'!H500="","Link kosong",IF(ISERROR(FIND("youtu",LOWER('PC 07'!H500))),"Link bukan youtube","")),IF('PC 07'!I500="","Tgl Dibuat kosong",IF(NOT(ISNUMBER('PC 07'!I500)),"Tgl Dibuat harus tanggal","")),IF(AND('PC 07'!J500<>"",NOT(ISNUMBER('PC 07'!J500))),"Tgl Publish harus tanggal",""),IF(AND(ISNUMBER('PC 07'!I500),ISNUMBER('PC 07'!J500),'PC 07'!J500<'PC 07'!I500),"Tgl Publish < Tgl Dibuat",""),IF(AND('PC 07'!K500<>"",ISERROR(MATCH(TRIM('PC 07'!K500),{"Draft","Menunggu Review","Revisi","Terjadwal","Publish","Batal","Published"},0))),"Status di luar daftar",""))) -> #ERROR! | D500: =IF(C500="","OK","ADA MASALAH") -> #ERROR!
