Workbook

Sheet PC 09
A1: Worker ID | B1: Update Date | C1: Song ID YT | D1: Judul Lagu Kompilasi | E1: Aggregator | F1: Genre | G1: Nama Channel | H1: Link Channel YT | I1: Link Video YT | J1: Tanggal Video Dibuat | K1: Tanggal Video Dipublish | L1: Status Upload | M1: PIC channel
A2: PC18-0001 | B2: 46318 | C2: W18 -23102026-001 | D2: Borrowed Library Silence | E2: Tuncore | F2: Pop | G2: Kade Valen | H2: https://www.youtube.com/@KadeValen | I2: https://youtu.be/2jFFvQX0pNo?si=Wbs7qnbUcStGSg5i | J2: 46304 | K2: 46311 | L2: Published
A3: PC18-0002 | B3: 46318 | C3: W18 -23102026-002 | D3: An Apology from Next Tuesday | E3: Tuncore | F3: Pop | G3: Kade Valen | H3: https://www.youtube.com/@KadeValen | I3: https://youtu.be/dThJRAp80q4?si=eyncqnNYapdvYNvL | J3: 46304 | K3: 46314 | L3: Published
A4: PC18-0003 | B4: 46318 | C4: W18 -23102026-003 | D4: Honest Mistake | E4: Tuncore | F4: Pop | G4: Kade Valen | H4: https://www.youtube.com/@KadeValen | I4: https://youtu.be/8qZ9g0PENVU?si=bOOwn_UrvTb-IjZL | J4: 46304 | K4: 46314 | L4: Published
A5: PC18-0004 | B5: 46318 | C5: W18 -23102026-004 | D5: Common Ground | E5: Tuncore | F5: Pop | G5: Kade Valen | H5: https://www.youtube.com/@KadeValen | I5: https://youtu.be/uFvUzYAzGv4?si=96iq0yXAxXWXRbcK | J5: 46304 | K5: 46314 | L5: Published
A6: PC18-0005 | B6: 46318 | C6: W18 -23102026-005 | D6: Gravity Well | E6: Tuncore | F6: Pop | G6: Kade Valen | H6: https://www.youtube.com/@KadeValen | I6: https://youtu.be/x8ox5nPhrP4?si=lBvl3FPxmRjrMc1l | J6: 46304 | K6: 46314 | L6: Published
A7: PC18-0006 | B7: 46318 | C7: W18 -23102026-006 | D7: Right of Way | E7: Tuncore | F7: Pop | G7: Kade Valen | H7: https://www.youtube.com/@KadeValen | I7: https://youtu.be/oAfSK_ToUw4?si=bKjD_2PvqR7rdWQB | J7: 46304 | K7: 46315 | L7: Published
A8: PC18-0007 | B8: 46318 | C8: W18 -23102026-007 | D8: Magnetic Field | E8: Tuncore | F8: Pop | G8: Kade Valen | H8: https://www.youtube.com/@KadeValen | I8: https://youtu.be/6ANvV0_KhNE?si=PD-VrK7Cw2YAkfqF | J8: 46304 | K8: 46315 | L8: Published
A9: PC18-0008 | B9: 46318 | C9: W18 -23102026-008 | D9: Headwind | E9: Tuncore | F9: Pop | G9: Kade Valen | H9: https://www.youtube.com/@KadeValen | I9: https://youtu.be/Oyi7mUFtaQQ?si=jkq7H3dE_qo0K3X8 | J9: 46304 | K9: 46315 | L9: Published
A10: PC18-0009 | B10: 46318 | C10: W18 -23102026-009 | D10: Seed Bank | E10: Tuncore | F10: Pop | G10: Kade Valen | H10: https://www.youtube.com/@KadeValen | I10: https://youtu.be/uJH1V6L8mLw?si=TUZG9aIBg7b_eb78 | J10: 46304 | K10: 46315 | L10: Published
A11: PC18-0010 | B11: 46318 | C11: W18 -23102026-010 | D11: Pergola | E11: Tuncore | F11: Pop | G11: Kade Valen | H11: https://www.youtube.com/@KadeValen | I11: https://youtu.be/KMboLJ1TqKs?si=84_voqFwOPiYpCKV | J11: 46304 | K11: 46315 | L11: Published
A12: PC18-0011 | B12: 46318 | C12: W18 -23102026-011 | D12: Static Screen Goodnight | E12: Tuncore | F12: Pop | G12: Kade Valen | H12: https://www.youtube.com/@KadeValen | I12: https://youtu.be/16WKdck3od4?si=JNOz9TiAA07BCLX3 | J12: 46304 | K12: 46316 | L12: Published
A13: PC18-0012 | B13: 46318 | C13: W18 -23102026-012 | D13: Sized Constellations | E13: Tuncore | F13: Pop | G13: Kade Valen | H13: https://www.youtube.com/@KadeValen | I13: https://youtu.be/_Ivq2u047GY?si=2qDaFM7sORWVEpsw | J13: 46305 | K13: 46316 | L13: Published
... A25: PC18-0024 | B25: 46318 | C25: W18 -23102026-024 | D25: Nothing To Defend | E25: Tuncore | F25: Pop | G25: Kade Valen | H25: https://www.youtube.com/@KadeValen | I25: https://youtu.be/pWraEljvKeI?si=kheZJXId_CTDD_BZ | J25: 46305 | K25: 46318 | L25: Terjadwal
E26: Tuncore
E27: Tuncore
E28: Tuncore
E29: Tuncore
E30: Tuncore
E31: Tuncore
E32: Tuncore
E33: Tuncore
E34: Tuncore
E35: Tuncore
E36: Tuncore
E37: Tuncore
... E1000: Tuncore

Sheet VALIDASI
A1: Baris | B1: Worker ID | C1: Masalah Ditemukan | D1: Status Baris
A2: 2 | B2: ='PC 09'!A2 -> PC18-0001 | C2: =IF(COUNTA('PC 09'!A2:L2)=0,"",TEXTJOIN(" | ",TRUE,IF('PC 09'!A2="","Worker ID kosong",""),IF('PC 09'!B2="","Update Date kosong",IF(NOT(ISNUMBER('PC 09'!B2)),"Update Date harus tanggal","")),IF('PC 09'!D2="","Judul kosong",""),IF('PC 09'!F2="","Genre kosong",IF(ISERROR(MATCH(TRIM('PC 09'!F2),{"Pop","Rock","Dangdut","K-Pop","Electronic","Nasional","Daerah"},0)),"Genre di luar daftar","")),IF('PC 09'!G2="","Nama Channel kosong",""),IF('PC 09'!H2="","Link kosong",IF(ISERROR(FIND("youtu",LOWER('PC 09'!H2))),"Link bukan youtube","")),IF('PC 09'!I2="","Tgl Dibuat kosong",IF(NOT(ISNUMBER('PC 09'!I2)),"Tgl Dibuat harus tanggal","")),IF(AND('PC 09'!J2<>"",NOT(ISNUMBER('PC 09'!J2))),"Tgl Publish harus tanggal",""),IF(AND(ISNUMBER('PC 09'!I2),ISNUMBER('PC 09'!J2),'PC 09'!J2<'PC 09'!I2),"Tgl Publish < Tgl Dibuat",""),IF(AND('PC 09'!K2<>"",ISERROR(MATCH(TRIM('PC 09'!K2),{"Draft","Menunggu Review","Revisi","Terjadwal","Publish","Batal","Published"},0))),"Status di luar daftar",""))) -> #ERROR! | D2: =IF(C2="","OK","ADA MASALAH") -> #ERROR!
A3: 3 | B3: ='PC 09'!A3 -> PC18-0002 | C3: =IF(COUNTA('PC 09'!A3:L3)=0,"",TEXTJOIN(" | ",TRUE,IF('PC 09'!A3="","Worker ID kosong",""),IF('PC 09'!B3="","Update Date kosong",IF(NOT(ISNUMBER('PC 09'!B3)),"Update Date harus tanggal","")),IF('PC 09'!D3="","Judul kosong",""),IF('PC 09'!F3="","Genre kosong",IF(ISERROR(MATCH(TRIM('PC 09'!F3),{"Pop","Rock","Dangdut","K-Pop","Electronic","Nasional","Daerah"},0)),"Genre di luar daftar","")),IF('PC 09'!G3="","Nama Channel kosong",""),IF('PC 09'!H3="","Link kosong",IF(ISERROR(FIND("youtu",LOWER('PC 09'!H3))),"Link bukan youtube","")),IF('PC 09'!I3="","Tgl Dibuat kosong",IF(NOT(ISNUMBER('PC 09'!I3)),"Tgl Dibuat harus tanggal","")),IF(AND('PC 09'!J3<>"",NOT(ISNUMBER('PC 09'!J3))),"Tgl Publish harus tanggal",""),IF(AND(ISNUMBER('PC 09'!I3),ISNUMBER('PC 09'!J3),'PC 09'!J3<'PC 09'!I3),"Tgl Publish < Tgl Dibuat",""),IF(AND('PC 09'!K3<>"",ISERROR(MATCH(TRIM('PC 09'!K3),{"Draft","Menunggu Review","Revisi","Terjadwal","Publish","Batal","Published"},0))),"Status di luar daftar",""))) -> #ERROR! | D3: =IF(C3="","OK","ADA MASALAH") -> #ERROR!
A4: 4 | B4: ='PC 09'!A4 -> PC18-0003 | C4: =IF(COUNTA('PC 09'!A4:L4)=0,"",TEXTJOIN(" | ",TRUE,IF('PC 09'!A4="","Worker ID kosong",""),IF('PC 09'!B4="","Update Date kosong",IF(NOT(ISNUMBER('PC 09'!B4)),"Update Date harus tanggal","")),IF('PC 09'!D4="","Judul kosong",""),IF('PC 09'!F4="","Genre kosong",IF(ISERROR(MATCH(TRIM('PC 09'!F4),{"Pop","Rock","Dangdut","K-Pop","Electronic","Nasional","Daerah"},0)),"Genre di luar daftar","")),IF('PC 09'!G4="","Nama Channel kosong",""),IF('PC 09'!H4="","Link kosong",IF(ISERROR(FIND("youtu",LOWER('PC 09'!H4))),"Link bukan youtube","")),IF('PC 09'!I4="","Tgl Dibuat kosong",IF(NOT(ISNUMBER('PC 09'!I4)),"Tgl Dibuat harus tanggal","")),IF(AND('PC 09'!J4<>"",NOT(ISNUMBER('PC 09'!J4))),"Tgl Publish harus tanggal",""),IF(AND(ISNUMBER('PC 09'!I4),ISNUMBER('PC 09'!J4),'PC 09'!J4<'PC 09'!I4),"Tgl Publish < Tgl Dibuat",""),IF(AND('PC 09'!K4<>"",ISERROR(MATCH(TRIM('PC 09'!K4),{"Draft","Menunggu Review","Revisi","Terjadwal","Publish","Batal","Published"},0))),"Status di luar daftar",""))) -> #ERROR! | D4: =IF(C4="","OK","ADA MASALAH") -> #ERROR!
A5: 5 | B5: ='PC 09'!A5 -> PC18-0004 | C5: =IF(COUNTA('PC 09'!A5:L5)=0,"",TEXTJOIN(" | ",TRUE,IF('PC 09'!A5="","Worker ID kosong",""),IF('PC 09'!B5="","Update Date kosong",IF(NOT(ISNUMBER('PC 09'!B5)),"Update Date harus tanggal","")),IF('PC 09'!D5="","Judul kosong",""),IF('PC 09'!F5="","Genre kosong",IF(ISERROR(MATCH(TRIM('PC 09'!F5),{"Pop","Rock","Dangdut","K-Pop","Electronic","Nasional","Daerah"},0)),"Genre di luar daftar","")),IF('PC 09'!G5="","Nama Channel kosong",""),IF('PC 09'!H5="","Link kosong",IF(ISERROR(FIND("youtu",LOWER('PC 09'!H5))),"Link bukan youtube","")),IF('PC 09'!I5="","Tgl Dibuat kosong",IF(NOT(ISNUMBER('PC 09'!I5)),"Tgl Dibuat harus tanggal","")),IF(AND('PC 09'!J5<>"",NOT(ISNUMBER('PC 09'!J5))),"Tgl Publish harus tanggal",""),IF(AND(ISNUMBER('PC 09'!I5),ISNUMBER('PC 09'!J5),'PC 09'!J5<'PC 09'!I5),"Tgl Publish < Tgl Dibuat",""),IF(AND('PC 09'!K5<>"",ISERROR(MATCH(TRIM('PC 09'!K5),{"Draft","Menunggu Review","Revisi","Terjadwal","Publish","Batal","Published"},0))),"Status di luar daftar",""))) -> #ERROR! | D5: =IF(C5="","OK","ADA MASALAH") -> #ERROR!
A6: 6 | B6: ='PC 09'!A6 -> PC18-0005 | C6: =IF(COUNTA('PC 09'!A6:L6)=0,"",TEXTJOIN(" | ",TRUE,IF('PC 09'!A6="","Worker ID kosong",""),IF('PC 09'!B6="","Update Date kosong",IF(NOT(ISNUMBER('PC 09'!B6)),"Update Date harus tanggal","")),IF('PC 09'!D6="","Judul kosong",""),IF('PC 09'!F6="","Genre kosong",IF(ISERROR(MATCH(TRIM('PC 09'!F6),{"Pop","Rock","Dangdut","K-Pop","Electronic","Nasional","Daerah"},0)),"Genre di luar daftar","")),IF('PC 09'!G6="","Nama Channel kosong",""),IF('PC 09'!H6="","Link kosong",IF(ISERROR(FIND("youtu",LOWER('PC 09'!H6))),"Link bukan youtube","")),IF('PC 09'!I6="","Tgl Dibuat kosong",IF(NOT(ISNUMBER('PC 09'!I6)),"Tgl Dibuat harus tanggal","")),IF(AND('PC 09'!J6<>"",NOT(ISNUMBER('PC 09'!J6))),"Tgl Publish harus tanggal",""),IF(AND(ISNUMBER('PC 09'!I6),ISNUMBER('PC 09'!J6),'PC 09'!J6<'PC 09'!I6),"Tgl Publish < Tgl Dibuat",""),IF(AND('PC 09'!K6<>"",ISERROR(MATCH(TRIM('PC 09'!K6),{"Draft","Menunggu Review","Revisi","Terjadwal","Publish","Batal","Published"},0))),"Status di luar daftar",""))) -> #ERROR! | D6: =IF(C6="","OK","ADA MASALAH") -> #ERROR!
A7: 7 | B7: ='PC 09'!A7 -> PC18-0006 | C7: =IF(COUNTA('PC 09'!A7:L7)=0,"",TEXTJOIN(" | ",TRUE,IF('PC 09'!A7="","Worker ID kosong",""),IF('PC 09'!B7="","Update Date kosong",IF(NOT(ISNUMBER('PC 09'!B7)),"Update Date harus tanggal","")),IF('PC 09'!D7="","Judul kosong",""),IF('PC 09'!F7="","Genre kosong",IF(ISERROR(MATCH(TRIM('PC 09'!F7),{"Pop","Rock","Dangdut","K-Pop","Electronic","Nasional","Daerah"},0)),"Genre di luar daftar","")),IF('PC 09'!G7="","Nama Channel kosong",""),IF('PC 09'!H7="","Link kosong",IF(ISERROR(FIND("youtu",LOWER('PC 09'!H7))),"Link bukan youtube","")),IF('PC 09'!I7="","Tgl Dibuat kosong",IF(NOT(ISNUMBER('PC 09'!I7)),"Tgl Dibuat harus tanggal","")),IF(AND('PC 09'!J7<>"",NOT(ISNUMBER('PC 09'!J7))),"Tgl Publish harus tanggal",""),IF(AND(ISNUMBER('PC 09'!I7),ISNUMBER('PC 09'!J7),'PC 09'!J7<'PC 09'!I7),"Tgl Publish < Tgl Dibuat",""),IF(AND('PC 09'!K7<>"",ISERROR(MATCH(TRIM('PC 09'!K7),{"Draft","Menunggu Review","Revisi","Terjadwal","Publish","Batal","Published"},0))),"Status di luar daftar",""))) -> #ERROR! | D7: =IF(C7="","OK","ADA MASALAH") -> #ERROR!
A8: 8 | B8: ='PC 09'!A8 -> PC18-0007 | C8: =IF(COUNTA('PC 09'!A8:L8)=0,"",TEXTJOIN(" | ",TRUE,IF('PC 09'!A8="","Worker ID kosong",""),IF('PC 09'!B8="","Update Date kosong",IF(NOT(ISNUMBER('PC 09'!B8)),"Update Date harus tanggal","")),IF('PC 09'!D8="","Judul kosong",""),IF('PC 09'!F8="","Genre kosong",IF(ISERROR(MATCH(TRIM('PC 09'!F8),{"Pop","Rock","Dangdut","K-Pop","Electronic","Nasional","Daerah"},0)),"Genre di luar daftar","")),IF('PC 09'!G8="","Nama Channel kosong",""),IF('PC 09'!H8="","Link kosong",IF(ISERROR(FIND("youtu",LOWER('PC 09'!H8))),"Link bukan youtube","")),IF('PC 09'!I8="","Tgl Dibuat kosong",IF(NOT(ISNUMBER('PC 09'!I8)),"Tgl Dibuat harus tanggal","")),IF(AND('PC 09'!J8<>"",NOT(ISNUMBER('PC 09'!J8))),"Tgl Publish harus tanggal",""),IF(AND(ISNUMBER('PC 09'!I8),ISNUMBER('PC 09'!J8),'PC 09'!J8<'PC 09'!I8),"Tgl Publish < Tgl Dibuat",""),IF(AND('PC 09'!K8<>"",ISERROR(MATCH(TRIM('PC 09'!K8),{"Draft","Menunggu Review","Revisi","Terjadwal","Publish","Batal","Published"},0))),"Status di luar daftar",""))) -> #ERROR! | D8: =IF(C8="","OK","ADA MASALAH") -> #ERROR!
A9: 9 | B9: ='PC 09'!A9 -> PC18-0008 | C9: =IF(COUNTA('PC 09'!A9:L9)=0,"",TEXTJOIN(" | ",TRUE,IF('PC 09'!A9="","Worker ID kosong",""),IF('PC 09'!B9="","Update Date kosong",IF(NOT(ISNUMBER('PC 09'!B9)),"Update Date harus tanggal","")),IF('PC 09'!D9="","Judul kosong",""),IF('PC 09'!F9="","Genre kosong",IF(ISERROR(MATCH(TRIM('PC 09'!F9),{"Pop","Rock","Dangdut","K-Pop","Electronic","Nasional","Daerah"},0)),"Genre di luar daftar","")),IF('PC 09'!G9="","Nama Channel kosong",""),IF('PC 09'!H9="","Link kosong",IF(ISERROR(FIND("youtu",LOWER('PC 09'!H9))),"Link bukan youtube","")),IF('PC 09'!I9="","Tgl Dibuat kosong",IF(NOT(ISNUMBER('PC 09'!I9)),"Tgl Dibuat harus tanggal","")),IF(AND('PC 09'!J9<>"",NOT(ISNUMBER('PC 09'!J9))),"Tgl Publish harus tanggal",""),IF(AND(ISNUMBER('PC 09'!I9),ISNUMBER('PC 09'!J9),'PC 09'!J9<'PC 09'!I9),"Tgl Publish < Tgl Dibuat",""),IF(AND('PC 09'!K9<>"",ISERROR(MATCH(TRIM('PC 09'!K9),{"Draft","Menunggu Review","Revisi","Terjadwal","Publish","Batal","Published"},0))),"Status di luar daftar",""))) -> #ERROR! | D9: =IF(C9="","OK","ADA MASALAH") -> #ERROR!
A10: 10 | B10: ='PC 09'!A10 -> PC18-0009 | C10: =IF(COUNTA('PC 09'!A10:L10)=0,"",TEXTJOIN(" | ",TRUE,IF('PC 09'!A10="","Worker ID kosong",""),IF('PC 09'!B10="","Update Date kosong",IF(NOT(ISNUMBER('PC 09'!B10)),"Update Date harus tanggal","")),IF('PC 09'!D10="","Judul kosong",""),IF('PC 09'!F10="","Genre kosong",IF(ISERROR(MATCH(TRIM('PC 09'!F10),{"Pop","Rock","Dangdut","K-Pop","Electronic","Nasional","Daerah"},0)),"Genre di luar daftar","")),IF('PC 09'!G10="","Nama Channel kosong",""),IF('PC 09'!H10="","Link kosong",IF(ISERROR(FIND("youtu",LOWER('PC 09'!H10))),"Link bukan youtube","")),IF('PC 09'!I10="","Tgl Dibuat kosong",IF(NOT(ISNUMBER('PC 09'!I10)),"Tgl Dibuat harus tanggal","")),IF(AND('PC 09'!J10<>"",NOT(ISNUMBER('PC 09'!J10))),"Tgl Publish harus tanggal",""),IF(AND(ISNUMBER('PC 09'!I10),ISNUMBER('PC 09'!J10),'PC 09'!J10<'PC 09'!I10),"Tgl Publish < Tgl Dibuat",""),IF(AND('PC 09'!K10<>"",ISERROR(MATCH(TRIM('PC 09'!K10),{"Draft","Menunggu Review","Revisi","Terjadwal","Publish","Batal","Published"},0))),"Status di luar daftar",""))) -> #ERROR! | D10: =IF(C10="","OK","ADA MASALAH") -> #ERROR!
A11: 11 | B11: ='PC 09'!A11 -> PC18-0010 | C11: =IF(COUNTA('PC 09'!A11:L11)=0,"",TEXTJOIN(" | ",TRUE,IF('PC 09'!A11="","Worker ID kosong",""),IF('PC 09'!B11="","Update Date kosong",IF(NOT(ISNUMBER('PC 09'!B11)),"Update Date harus tanggal","")),IF('PC 09'!D11="","Judul kosong",""),IF('PC 09'!F11="","Genre kosong",IF(ISERROR(MATCH(TRIM('PC 09'!F11),{"Pop","Rock","Dangdut","K-Pop","Electronic","Nasional","Daerah"},0)),"Genre di luar daftar","")),IF('PC 09'!G11="","Nama Channel kosong",""),IF('PC 09'!H11="","Link kosong",IF(ISERROR(FIND("youtu",LOWER('PC 09'!H11))),"Link bukan youtube","")),IF('PC 09'!I11="","Tgl Dibuat kosong",IF(NOT(ISNUMBER('PC 09'!I11)),"Tgl Dibuat harus tanggal","")),IF(AND('PC 09'!J11<>"",NOT(ISNUMBER('PC 09'!J11))),"Tgl Publish harus tanggal",""),IF(AND(ISNUMBER('PC 09'!I11),ISNUMBER('PC 09'!J11),'PC 09'!J11<'PC 09'!I11),"Tgl Publish < Tgl Dibuat",""),IF(AND('PC 09'!K11<>"",ISERROR(MATCH(TRIM('PC 09'!K11),{"Draft","Menunggu Review","Revisi","Terjadwal","Publish","Batal","Published"},0))),"Status di luar daftar",""))) -> #ERROR! | D11: =IF(C11="","OK","ADA MASALAH") -> #ERROR!
A12: 12 | B12: ='PC 09'!A12 -> PC18-0011 | C12: =IF(COUNTA('PC 09'!A12:L12)=0,"",TEXTJOIN(" | ",TRUE,IF('PC 09'!A12="","Worker ID kosong",""),IF('PC 09'!B12="","Update Date kosong",IF(NOT(ISNUMBER('PC 09'!B12)),"Update Date harus tanggal","")),IF('PC 09'!D12="","Judul kosong",""),IF('PC 09'!F12="","Genre kosong",IF(ISERROR(MATCH(TRIM('PC 09'!F12),{"Pop","Rock","Dangdut","K-Pop","Electronic","Nasional","Daerah"},0)),"Genre di luar daftar","")),IF('PC 09'!G12="","Nama Channel kosong",""),IF('PC 09'!H12="","Link kosong",IF(ISERROR(FIND("youtu",LOWER('PC 09'!H12))),"Link bukan youtube","")),IF('PC 09'!I12="","Tgl Dibuat kosong",IF(NOT(ISNUMBER('PC 09'!I12)),"Tgl Dibuat harus tanggal","")),IF(AND('PC 09'!J12<>"",NOT(ISNUMBER('PC 09'!J12))),"Tgl Publish harus tanggal",""),IF(AND(ISNUMBER('PC 09'!I12),ISNUMBER('PC 09'!J12),'PC 09'!J12<'PC 09'!I12),"Tgl Publish < Tgl Dibuat",""),IF(AND('PC 09'!K12<>"",ISERROR(MATCH(TRIM('PC 09'!K12),{"Draft","Menunggu Review","Revisi","Terjadwal","Publish","Batal","Published"},0))),"Status di luar daftar",""))) -> #ERROR! | D12: =IF(C12="","OK","ADA MASALAH") -> #ERROR!
A13: 13 | B13: ='PC 09'!A13 -> PC18-0012 | C13: =IF(COUNTA('PC 09'!A13:L13)=0,"",TEXTJOIN(" | ",TRUE,IF('PC 09'!A13="","Worker ID kosong",""),IF('PC 09'!B13="","Update Date kosong",IF(NOT(ISNUMBER('PC 09'!B13)),"Update Date harus tanggal","")),IF('PC 09'!D13="","Judul kosong",""),IF('PC 09'!F13="","Genre kosong",IF(ISERROR(MATCH(TRIM('PC 09'!F13),{"Pop","Rock","Dangdut","K-Pop","Electronic","Nasional","Daerah"},0)),"Genre di luar daftar","")),IF('PC 09'!G13="","Nama Channel kosong",""),IF('PC 09'!H13="","Link kosong",IF(ISERROR(FIND("youtu",LOWER('PC 09'!H13))),"Link bukan youtube","")),IF('PC 09'!I13="","Tgl Dibuat kosong",IF(NOT(ISNUMBER('PC 09'!I13)),"Tgl Dibuat harus tanggal","")),IF(AND('PC 09'!J13<>"",NOT(ISNUMBER('PC 09'!J13))),"Tgl Publish harus tanggal",""),IF(AND(ISNUMBER('PC 09'!I13),ISNUMBER('PC 09'!J13),'PC 09'!J13<'PC 09'!I13),"Tgl Publish < Tgl Dibuat",""),IF(AND('PC 09'!K13<>"",ISERROR(MATCH(TRIM('PC 09'!K13),{"Draft","Menunggu Review","Revisi","Terjadwal","Publish","Batal","Published"},0))),"Status di luar daftar",""))) -> #ERROR! | D13: =IF(C13="","OK","ADA MASALAH") -> #ERROR!
... A500: 500 | B500: ='PC 09'!A500 | C500: =IF(COUNTA('PC 09'!A500:L500)=0,"",TEXTJOIN(" | ",TRUE,IF('PC 09'!A500="","Worker ID kosong",""),IF('PC 09'!B500="","Update Date kosong",IF(NOT(ISNUMBER('PC 09'!B500)),"Update Date harus tanggal","")),IF('PC 09'!D500="","Judul kosong",""),IF('PC 09'!F500="","Genre kosong",IF(ISERROR(MATCH(TRIM('PC 09'!F500),{"Pop","Rock","Dangdut","K-Pop","Electronic","Nasional","Daerah"},0)),"Genre di luar daftar","")),IF('PC 09'!G500="","Nama Channel kosong",""),IF('PC 09'!H500="","Link kosong",IF(ISERROR(FIND("youtu",LOWER('PC 09'!H500))),"Link bukan youtube","")),IF('PC 09'!I500="","Tgl Dibuat kosong",IF(NOT(ISNUMBER('PC 09'!I500)),"Tgl Dibuat harus tanggal","")),IF(AND('PC 09'!J500<>"",NOT(ISNUMBER('PC 09'!J500))),"Tgl Publish harus tanggal",""),IF(AND(ISNUMBER('PC 09'!I500),ISNUMBER('PC 09'!J500),'PC 09'!J500<'PC 09'!I500),"Tgl Publish < Tgl Dibuat",""),IF(AND('PC 09'!K500<>"",ISERROR(MATCH(TRIM('PC 09'!K500),{"Draft","Menunggu Review","Revisi","Terjadwal","Publish","Batal","Published"},0))),"Status di luar daftar",""))) -> #ERROR! | D500: =IF(C500="","OK","ADA MASALAH") -> #ERROR!
