Workbook

Sheet PC 02
A1: Worker ID | B1: Update Date | C1: Song ID YT | D1: Judul Lagu Kompilasi | E1: Aggregator | F1: Genre | G1: Nama Channel | H1: Link Channel YT | I1: Link Video YT | J1: Tanggal Video Dibuat | K1: Tanggal Video Dipublish | L1: Status Upload | M1: PIC channel

Sheet VALIDASI
A1: Baris | B1: Worker ID | C1: Masalah Ditemukan | D1: Status Baris
A2: 2 | B2: ='PC 02'!A2 | C2: =IF(COUNTA('PC 02'!A2:L2)=0,"",TEXTJOIN(" | ",TRUE,IF('PC 02'!A2="","Worker ID kosong",""),IF('PC 02'!B2="","Update Date kosong",IF(NOT(ISNUMBER('PC 02'!B2)),"Update Date harus tanggal","")),IF('PC 02'!D2="","Judul kosong",""),IF('PC 02'!F2="","Genre kosong",IF(ISERROR(MATCH(TRIM('PC 02'!F2),{"Pop","Rock","Dangdut","K-Pop","Electronic","Nasional","Daerah"},0)),"Genre di luar daftar","")),IF('PC 02'!G2="","Nama Channel kosong",""),IF('PC 02'!H2="","Link kosong",IF(ISERROR(FIND("youtu",LOWER('PC 02'!H2))),"Link bukan youtube","")),IF('PC 02'!I2="","Tgl Dibuat kosong",IF(NOT(ISNUMBER('PC 02'!I2)),"Tgl Dibuat harus tanggal","")),IF(AND('PC 02'!J2<>"",NOT(ISNUMBER('PC 02'!J2))),"Tgl Publish harus tanggal",""),IF(AND(ISNUMBER('PC 02'!I2),ISNUMBER('PC 02'!J2),'PC 02'!J2<'PC 02'!I2),"Tgl Publish < Tgl Dibuat",""),IF(AND('PC 02'!K2<>"",ISERROR(MATCH(TRIM('PC 02'!K2),{"Draft","Menunggu Review","Revisi","Terjadwal","Publish","Batal","Published"},0))),"Status di luar daftar",""))) -> #ERROR! | D2: =IF(C2="","OK","ADA MASALAH") -> #ERROR!
A3: 3 | B3: ='PC 02'!A3 | C3: =IF(COUNTA('PC 02'!A3:L3)=0,"",TEXTJOIN(" | ",TRUE,IF('PC 02'!A3="","Worker ID kosong",""),IF('PC 02'!B3="","Update Date kosong",IF(NOT(ISNUMBER('PC 02'!B3)),"Update Date harus tanggal","")),IF('PC 02'!D3="","Judul kosong",""),IF('PC 02'!F3="","Genre kosong",IF(ISERROR(MATCH(TRIM('PC 02'!F3),{"Pop","Rock","Dangdut","K-Pop","Electronic","Nasional","Daerah"},0)),"Genre di luar daftar","")),IF('PC 02'!G3="","Nama Channel kosong",""),IF('PC 02'!H3="","Link kosong",IF(ISERROR(FIND("youtu",LOWER('PC 02'!H3))),"Link bukan youtube","")),IF('PC 02'!I3="","Tgl Dibuat kosong",IF(NOT(ISNUMBER('PC 02'!I3)),"Tgl Dibuat harus tanggal","")),IF(AND('PC 02'!J3<>"",NOT(ISNUMBER('PC 02'!J3))),"Tgl Publish harus tanggal",""),IF(AND(ISNUMBER('PC 02'!I3),ISNUMBER('PC 02'!J3),'PC 02'!J3<'PC 02'!I3),"Tgl Publish < Tgl Dibuat",""),IF(AND('PC 02'!K3<>"",ISERROR(MATCH(TRIM('PC 02'!K3),{"Draft","Menunggu Review","Revisi","Terjadwal","Publish","Batal","Published"},0))),"Status di luar daftar",""))) -> #ERROR! | D3: =IF(C3="","OK","ADA MASALAH") -> #ERROR!
A4: 4 | B4: ='PC 02'!A4 | C4: =IF(COUNTA('PC 02'!A4:L4)=0,"",TEXTJOIN(" | ",TRUE,IF('PC 02'!A4="","Worker ID kosong",""),IF('PC 02'!B4="","Update Date kosong",IF(NOT(ISNUMBER('PC 02'!B4)),"Update Date harus tanggal","")),IF('PC 02'!D4="","Judul kosong",""),IF('PC 02'!F4="","Genre kosong",IF(ISERROR(MATCH(TRIM('PC 02'!F4),{"Pop","Rock","Dangdut","K-Pop","Electronic","Nasional","Daerah"},0)),"Genre di luar daftar","")),IF('PC 02'!G4="","Nama Channel kosong",""),IF('PC 02'!H4="","Link kosong",IF(ISERROR(FIND("youtu",LOWER('PC 02'!H4))),"Link bukan youtube","")),IF('PC 02'!I4="","Tgl Dibuat kosong",IF(NOT(ISNUMBER('PC 02'!I4)),"Tgl Dibuat harus tanggal","")),IF(AND('PC 02'!J4<>"",NOT(ISNUMBER('PC 02'!J4))),"Tgl Publish harus tanggal",""),IF(AND(ISNUMBER('PC 02'!I4),ISNUMBER('PC 02'!J4),'PC 02'!J4<'PC 02'!I4),"Tgl Publish < Tgl Dibuat",""),IF(AND('PC 02'!K4<>"",ISERROR(MATCH(TRIM('PC 02'!K4),{"Draft","Menunggu Review","Revisi","Terjadwal","Publish","Batal","Published"},0))),"Status di luar daftar",""))) -> #ERROR! | D4: =IF(C4="","OK","ADA MASALAH") -> #ERROR!
A5: 5 | B5: ='PC 02'!A5 | C5: =IF(COUNTA('PC 02'!A5:L5)=0,"",TEXTJOIN(" | ",TRUE,IF('PC 02'!A5="","Worker ID kosong",""),IF('PC 02'!B5="","Update Date kosong",IF(NOT(ISNUMBER('PC 02'!B5)),"Update Date harus tanggal","")),IF('PC 02'!D5="","Judul kosong",""),IF('PC 02'!F5="","Genre kosong",IF(ISERROR(MATCH(TRIM('PC 02'!F5),{"Pop","Rock","Dangdut","K-Pop","Electronic","Nasional","Daerah"},0)),"Genre di luar daftar","")),IF('PC 02'!G5="","Nama Channel kosong",""),IF('PC 02'!H5="","Link kosong",IF(ISERROR(FIND("youtu",LOWER('PC 02'!H5))),"Link bukan youtube","")),IF('PC 02'!I5="","Tgl Dibuat kosong",IF(NOT(ISNUMBER('PC 02'!I5)),"Tgl Dibuat harus tanggal","")),IF(AND('PC 02'!J5<>"",NOT(ISNUMBER('PC 02'!J5))),"Tgl Publish harus tanggal",""),IF(AND(ISNUMBER('PC 02'!I5),ISNUMBER('PC 02'!J5),'PC 02'!J5<'PC 02'!I5),"Tgl Publish < Tgl Dibuat",""),IF(AND('PC 02'!K5<>"",ISERROR(MATCH(TRIM('PC 02'!K5),{"Draft","Menunggu Review","Revisi","Terjadwal","Publish","Batal","Published"},0))),"Status di luar daftar",""))) -> #ERROR! | D5: =IF(C5="","OK","ADA MASALAH") -> #ERROR!
A6: 6 | B6: ='PC 02'!A6 | C6: =IF(COUNTA('PC 02'!A6:L6)=0,"",TEXTJOIN(" | ",TRUE,IF('PC 02'!A6="","Worker ID kosong",""),IF('PC 02'!B6="","Update Date kosong",IF(NOT(ISNUMBER('PC 02'!B6)),"Update Date harus tanggal","")),IF('PC 02'!D6="","Judul kosong",""),IF('PC 02'!F6="","Genre kosong",IF(ISERROR(MATCH(TRIM('PC 02'!F6),{"Pop","Rock","Dangdut","K-Pop","Electronic","Nasional","Daerah"},0)),"Genre di luar daftar","")),IF('PC 02'!G6="","Nama Channel kosong",""),IF('PC 02'!H6="","Link kosong",IF(ISERROR(FIND("youtu",LOWER('PC 02'!H6))),"Link bukan youtube","")),IF('PC 02'!I6="","Tgl Dibuat kosong",IF(NOT(ISNUMBER('PC 02'!I6)),"Tgl Dibuat harus tanggal","")),IF(AND('PC 02'!J6<>"",NOT(ISNUMBER('PC 02'!J6))),"Tgl Publish harus tanggal",""),IF(AND(ISNUMBER('PC 02'!I6),ISNUMBER('PC 02'!J6),'PC 02'!J6<'PC 02'!I6),"Tgl Publish < Tgl Dibuat",""),IF(AND('PC 02'!K6<>"",ISERROR(MATCH(TRIM('PC 02'!K6),{"Draft","Menunggu Review","Revisi","Terjadwal","Publish","Batal","Published"},0))),"Status di luar daftar",""))) -> #ERROR! | D6: =IF(C6="","OK","ADA MASALAH") -> #ERROR!
A7: 7 | B7: ='PC 02'!A7 | C7: =IF(COUNTA('PC 02'!A7:L7)=0,"",TEXTJOIN(" | ",TRUE,IF('PC 02'!A7="","Worker ID kosong",""),IF('PC 02'!B7="","Update Date kosong",IF(NOT(ISNUMBER('PC 02'!B7)),"Update Date harus tanggal","")),IF('PC 02'!D7="","Judul kosong",""),IF('PC 02'!F7="","Genre kosong",IF(ISERROR(MATCH(TRIM('PC 02'!F7),{"Pop","Rock","Dangdut","K-Pop","Electronic","Nasional","Daerah"},0)),"Genre di luar daftar","")),IF('PC 02'!G7="","Nama Channel kosong",""),IF('PC 02'!H7="","Link kosong",IF(ISERROR(FIND("youtu",LOWER('PC 02'!H7))),"Link bukan youtube","")),IF('PC 02'!I7="","Tgl Dibuat kosong",IF(NOT(ISNUMBER('PC 02'!I7)),"Tgl Dibuat harus tanggal","")),IF(AND('PC 02'!J7<>"",NOT(ISNUMBER('PC 02'!J7))),"Tgl Publish harus tanggal",""),IF(AND(ISNUMBER('PC 02'!I7),ISNUMBER('PC 02'!J7),'PC 02'!J7<'PC 02'!I7),"Tgl Publish < Tgl Dibuat",""),IF(AND('PC 02'!K7<>"",ISERROR(MATCH(TRIM('PC 02'!K7),{"Draft","Menunggu Review","Revisi","Terjadwal","Publish","Batal","Published"},0))),"Status di luar daftar",""))) -> #ERROR! | D7: =IF(C7="","OK","ADA MASALAH") -> #ERROR!
A8: 8 | B8: ='PC 02'!A8 | C8: =IF(COUNTA('PC 02'!A8:L8)=0,"",TEXTJOIN(" | ",TRUE,IF('PC 02'!A8="","Worker ID kosong",""),IF('PC 02'!B8="","Update Date kosong",IF(NOT(ISNUMBER('PC 02'!B8)),"Update Date harus tanggal","")),IF('PC 02'!D8="","Judul kosong",""),IF('PC 02'!F8="","Genre kosong",IF(ISERROR(MATCH(TRIM('PC 02'!F8),{"Pop","Rock","Dangdut","K-Pop","Electronic","Nasional","Daerah"},0)),"Genre di luar daftar","")),IF('PC 02'!G8="","Nama Channel kosong",""),IF('PC 02'!H8="","Link kosong",IF(ISERROR(FIND("youtu",LOWER('PC 02'!H8))),"Link bukan youtube","")),IF('PC 02'!I8="","Tgl Dibuat kosong",IF(NOT(ISNUMBER('PC 02'!I8)),"Tgl Dibuat harus tanggal","")),IF(AND('PC 02'!J8<>"",NOT(ISNUMBER('PC 02'!J8))),"Tgl Publish harus tanggal",""),IF(AND(ISNUMBER('PC 02'!I8),ISNUMBER('PC 02'!J8),'PC 02'!J8<'PC 02'!I8),"Tgl Publish < Tgl Dibuat",""),IF(AND('PC 02'!K8<>"",ISERROR(MATCH(TRIM('PC 02'!K8),{"Draft","Menunggu Review","Revisi","Terjadwal","Publish","Batal","Published"},0))),"Status di luar daftar",""))) -> #ERROR! | D8: =IF(C8="","OK","ADA MASALAH") -> #ERROR!
A9: 9 | B9: ='PC 02'!A9 | C9: =IF(COUNTA('PC 02'!A9:L9)=0,"",TEXTJOIN(" | ",TRUE,IF('PC 02'!A9="","Worker ID kosong",""),IF('PC 02'!B9="","Update Date kosong",IF(NOT(ISNUMBER('PC 02'!B9)),"Update Date harus tanggal","")),IF('PC 02'!D9="","Judul kosong",""),IF('PC 02'!F9="","Genre kosong",IF(ISERROR(MATCH(TRIM('PC 02'!F9),{"Pop","Rock","Dangdut","K-Pop","Electronic","Nasional","Daerah"},0)),"Genre di luar daftar","")),IF('PC 02'!G9="","Nama Channel kosong",""),IF('PC 02'!H9="","Link kosong",IF(ISERROR(FIND("youtu",LOWER('PC 02'!H9))),"Link bukan youtube","")),IF('PC 02'!I9="","Tgl Dibuat kosong",IF(NOT(ISNUMBER('PC 02'!I9)),"Tgl Dibuat harus tanggal","")),IF(AND('PC 02'!J9<>"",NOT(ISNUMBER('PC 02'!J9))),"Tgl Publish harus tanggal",""),IF(AND(ISNUMBER('PC 02'!I9),ISNUMBER('PC 02'!J9),'PC 02'!J9<'PC 02'!I9),"Tgl Publish < Tgl Dibuat",""),IF(AND('PC 02'!K9<>"",ISERROR(MATCH(TRIM('PC 02'!K9),{"Draft","Menunggu Review","Revisi","Terjadwal","Publish","Batal","Published"},0))),"Status di luar daftar",""))) -> #ERROR! | D9: =IF(C9="","OK","ADA MASALAH") -> #ERROR!
A10: 10 | B10: ='PC 02'!A10 | C10: =IF(COUNTA('PC 02'!A10:L10)=0,"",TEXTJOIN(" | ",TRUE,IF('PC 02'!A10="","Worker ID kosong",""),IF('PC 02'!B10="","Update Date kosong",IF(NOT(ISNUMBER('PC 02'!B10)),"Update Date harus tanggal","")),IF('PC 02'!D10="","Judul kosong",""),IF('PC 02'!F10="","Genre kosong",IF(ISERROR(MATCH(TRIM('PC 02'!F10),{"Pop","Rock","Dangdut","K-Pop","Electronic","Nasional","Daerah"},0)),"Genre di luar daftar","")),IF('PC 02'!G10="","Nama Channel kosong",""),IF('PC 02'!H10="","Link kosong",IF(ISERROR(FIND("youtu",LOWER('PC 02'!H10))),"Link bukan youtube","")),IF('PC 02'!I10="","Tgl Dibuat kosong",IF(NOT(ISNUMBER('PC 02'!I10)),"Tgl Dibuat harus tanggal","")),IF(AND('PC 02'!J10<>"",NOT(ISNUMBER('PC 02'!J10))),"Tgl Publish harus tanggal",""),IF(AND(ISNUMBER('PC 02'!I10),ISNUMBER('PC 02'!J10),'PC 02'!J10<'PC 02'!I10),"Tgl Publish < Tgl Dibuat",""),IF(AND('PC 02'!K10<>"",ISERROR(MATCH(TRIM('PC 02'!K10),{"Draft","Menunggu Review","Revisi","Terjadwal","Publish","Batal","Published"},0))),"Status di luar daftar",""))) -> #ERROR! | D10: =IF(C10="","OK","ADA MASALAH") -> #ERROR!
A11: 11 | B11: ='PC 02'!A11 | C11: =IF(COUNTA('PC 02'!A11:L11)=0,"",TEXTJOIN(" | ",TRUE,IF('PC 02'!A11="","Worker ID kosong",""),IF('PC 02'!B11="","Update Date kosong",IF(NOT(ISNUMBER('PC 02'!B11)),"Update Date harus tanggal","")),IF('PC 02'!D11="","Judul kosong",""),IF('PC 02'!F11="","Genre kosong",IF(ISERROR(MATCH(TRIM('PC 02'!F11),{"Pop","Rock","Dangdut","K-Pop","Electronic","Nasional","Daerah"},0)),"Genre di luar daftar","")),IF('PC 02'!G11="","Nama Channel kosong",""),IF('PC 02'!H11="","Link kosong",IF(ISERROR(FIND("youtu",LOWER('PC 02'!H11))),"Link bukan youtube","")),IF('PC 02'!I11="","Tgl Dibuat kosong",IF(NOT(ISNUMBER('PC 02'!I11)),"Tgl Dibuat harus tanggal","")),IF(AND('PC 02'!J11<>"",NOT(ISNUMBER('PC 02'!J11))),"Tgl Publish harus tanggal",""),IF(AND(ISNUMBER('PC 02'!I11),ISNUMBER('PC 02'!J11),'PC 02'!J11<'PC 02'!I11),"Tgl Publish < Tgl Dibuat",""),IF(AND('PC 02'!K11<>"",ISERROR(MATCH(TRIM('PC 02'!K11),{"Draft","Menunggu Review","Revisi","Terjadwal","Publish","Batal","Published"},0))),"Status di luar daftar",""))) -> #ERROR! | D11: =IF(C11="","OK","ADA MASALAH") -> #ERROR!
A12: 12 | B12: ='PC 02'!A12 | C12: =IF(COUNTA('PC 02'!A12:L12)=0,"",TEXTJOIN(" | ",TRUE,IF('PC 02'!A12="","Worker ID kosong",""),IF('PC 02'!B12="","Update Date kosong",IF(NOT(ISNUMBER('PC 02'!B12)),"Update Date harus tanggal","")),IF('PC 02'!D12="","Judul kosong",""),IF('PC 02'!F12="","Genre kosong",IF(ISERROR(MATCH(TRIM('PC 02'!F12),{"Pop","Rock","Dangdut","K-Pop","Electronic","Nasional","Daerah"},0)),"Genre di luar daftar","")),IF('PC 02'!G12="","Nama Channel kosong",""),IF('PC 02'!H12="","Link kosong",IF(ISERROR(FIND("youtu",LOWER('PC 02'!H12))),"Link bukan youtube","")),IF('PC 02'!I12="","Tgl Dibuat kosong",IF(NOT(ISNUMBER('PC 02'!I12)),"Tgl Dibuat harus tanggal","")),IF(AND('PC 02'!J12<>"",NOT(ISNUMBER('PC 02'!J12))),"Tgl Publish harus tanggal",""),IF(AND(ISNUMBER('PC 02'!I12),ISNUMBER('PC 02'!J12),'PC 02'!J12<'PC 02'!I12),"Tgl Publish < Tgl Dibuat",""),IF(AND('PC 02'!K12<>"",ISERROR(MATCH(TRIM('PC 02'!K12),{"Draft","Menunggu Review","Revisi","Terjadwal","Publish","Batal","Published"},0))),"Status di luar daftar",""))) -> #ERROR! | D12: =IF(C12="","OK","ADA MASALAH") -> #ERROR!
A13: 13 | B13: ='PC 02'!A13 | C13: =IF(COUNTA('PC 02'!A13:L13)=0,"",TEXTJOIN(" | ",TRUE,IF('PC 02'!A13="","Worker ID kosong",""),IF('PC 02'!B13="","Update Date kosong",IF(NOT(ISNUMBER('PC 02'!B13)),"Update Date harus tanggal","")),IF('PC 02'!D13="","Judul kosong",""),IF('PC 02'!F13="","Genre kosong",IF(ISERROR(MATCH(TRIM('PC 02'!F13),{"Pop","Rock","Dangdut","K-Pop","Electronic","Nasional","Daerah"},0)),"Genre di luar daftar","")),IF('PC 02'!G13="","Nama Channel kosong",""),IF('PC 02'!H13="","Link kosong",IF(ISERROR(FIND("youtu",LOWER('PC 02'!H13))),"Link bukan youtube","")),IF('PC 02'!I13="","Tgl Dibuat kosong",IF(NOT(ISNUMBER('PC 02'!I13)),"Tgl Dibuat harus tanggal","")),IF(AND('PC 02'!J13<>"",NOT(ISNUMBER('PC 02'!J13))),"Tgl Publish harus tanggal",""),IF(AND(ISNUMBER('PC 02'!I13),ISNUMBER('PC 02'!J13),'PC 02'!J13<'PC 02'!I13),"Tgl Publish < Tgl Dibuat",""),IF(AND('PC 02'!K13<>"",ISERROR(MATCH(TRIM('PC 02'!K13),{"Draft","Menunggu Review","Revisi","Terjadwal","Publish","Batal","Published"},0))),"Status di luar daftar",""))) -> #ERROR! | D13: =IF(C13="","OK","ADA MASALAH") -> #ERROR!
... A500: 500 | B500: ='PC 02'!A500 | C500: =IF(COUNTA('PC 02'!A500:L500)=0,"",TEXTJOIN(" | ",TRUE,IF('PC 02'!A500="","Worker ID kosong",""),IF('PC 02'!B500="","Update Date kosong",IF(NOT(ISNUMBER('PC 02'!B500)),"Update Date harus tanggal","")),IF('PC 02'!D500="","Judul kosong",""),IF('PC 02'!F500="","Genre kosong",IF(ISERROR(MATCH(TRIM('PC 02'!F500),{"Pop","Rock","Dangdut","K-Pop","Electronic","Nasional","Daerah"},0)),"Genre di luar daftar","")),IF('PC 02'!G500="","Nama Channel kosong",""),IF('PC 02'!H500="","Link kosong",IF(ISERROR(FIND("youtu",LOWER('PC 02'!H500))),"Link bukan youtube","")),IF('PC 02'!I500="","Tgl Dibuat kosong",IF(NOT(ISNUMBER('PC 02'!I500)),"Tgl Dibuat harus tanggal","")),IF(AND('PC 02'!J500<>"",NOT(ISNUMBER('PC 02'!J500))),"Tgl Publish harus tanggal",""),IF(AND(ISNUMBER('PC 02'!I500),ISNUMBER('PC 02'!J500),'PC 02'!J500<'PC 02'!I500),"Tgl Publish < Tgl Dibuat",""),IF(AND('PC 02'!K500<>"",ISERROR(MATCH(TRIM('PC 02'!K500),{"Draft","Menunggu Review","Revisi","Terjadwal","Publish","Batal","Published"},0))),"Status di luar daftar",""))) -> #ERROR! | D500: =IF(C500="","OK","ADA MASALAH") -> #ERROR!
